"id","postcode","woonplaats","alternatieve_schrijfwijzen","gemeente","provincie","netnummer","latitude","longitude","soort","zipcode"
3392,7705,"Drogteropslagen","","De Wolden","Drenthe",523,52.6224364,6.4977465,"Adres",NA
3408,7740,"Coevorden","","Coevorden","Drenthe",524,52.6668238,6.7438055,"Postbus",NA
3409,7741,"Coevorden","","Coevorden","Drenthe",524,52.6582298,6.6989247,"Adres",NA
3410,7742,"Coevorden","","Coevorden","Drenthe",524,52.6551202,6.7535997,"Adres",NA
3411,7751,"Dalen","","Coevorden","Drenthe",524,52.6994032,6.7567822,"Adres",NA
3412,7753,"Dalerpeel","","Coevorden","Drenthe",524,52.6795361,6.6596398,"Adres",NA
3413,7754,"Wachtum","","Coevorden","Drenthe",524,52.7236641,6.7495309,"Adres",NA
3414,7755,"Dalerveen","","Coevorden","Drenthe",524,52.6950496,6.8099187,"Adres",NA
3415,7756,"Stieltjeskanaal","","Coevorden","Drenthe",524,52.6748679,6.8258857,"Adres",NA
3416,7760,"Schoonebeek","","Emmen","Drenthe",524,52.6621731,6.8828506,"Postbus",NA
3417,7761,"Schoonebeek","","Emmen","Drenthe",524,52.6626006,6.8838388,"Adres",NA
3418,7764,"Zandpol","","Emmen","Drenthe",591,52.6942061,6.8665361,"Adres",NA
3419,7765,"Weiteveen","","Emmen","Drenthe",524,52.6714283,6.9988843,"Adres",NA
3420,7766,"Nieuw-Schoonebeek","NIEUW SCHOONEBEEK","Emmen","Drenthe",524,52.646371,6.9859122,"Adres",NA
3447,7800,"Emmen","","Emmen","Drenthe",591,52.7845481,6.8930276,"Postbus",NA
3448,7801,"Emmen","","Emmen","Drenthe",591,52.7845481,6.8930276,"Postbus",NA
3449,7811,"Emmen","","Emmen","Drenthe",591,52.7800234,6.8941536,"Adres",NA
3450,7812,"Emmen","","Emmen","Drenthe",591,52.7628944,6.8881123,"Adres",NA
3451,7813,"Emmen","","Emmen","Drenthe",591,52.7551148,6.8600259,"Adres",NA
3452,7814,"Emmen","","Emmen","Drenthe",591,52.7881505,6.8700255,"Adres",NA
3453,7815,"Emmen","","Emmen","Drenthe",591,52.8000081,6.8974268,"Adres",NA
3454,7821,"Emmen","","Emmen","Drenthe",591,52.7669929,6.9100667,"Adres",NA
3455,7822,"Emmen","","Emmen","Drenthe",591,52.7900261,6.9071365,"Adres",NA
3456,7823,"Emmen","","Emmen","Drenthe",591,52.7955483,6.9277324,"Adres",NA
3457,7824,"Emmen","","Emmen","Drenthe",591,52.781689,6.9347107,"Adres",NA
3458,7825,"Emmen","","Emmen","Drenthe",591,52.7547843,6.9348978,"Adres",NA
3459,7826,"Emmen","","Emmen","Drenthe",591,52.7694721,6.9595536,"Adres",NA
3460,7827,"Emmen","","Emmen","Drenthe",591,52.7465943,6.8909959,"Adres",NA
3461,7828,"Emmen","","Emmen","Drenthe",591,52.7351959,6.9020733,"Adres",NA
3462,7831,"Nieuw-Weerdinge","NIEUW WEERDINGE","Emmen","Drenthe",591,52.8567203,6.9875144,"Adres",NA
3463,7833,"Nieuw-Amsterdam","NIEUW AMSTERDAM","Emmen","Drenthe",591,52.7145064,6.863239,"Adres + Postbus",NA
3464,7841,"Sleen","","Coevorden","Drenthe",591,52.7756717,6.8023989,"Adres",NA
3465,7842,"Diphoorn","","Coevorden","Drenthe",591,52.7700627,6.8197339,"Adres",NA
3466,7843,"Erm","","Coevorden","Drenthe",591,52.75,6.816667,"Adres",NA
3467,7844,"Veenoord","","Emmen","Drenthe",591,52.7145189,6.845464,"Adres",NA
3468,7845,"Holsloot","","Coevorden","Drenthe",591,52.7282157,6.8023629,"Adres",NA
3469,7846,"Noord-Sleen","NOORD SLEEN","Coevorden","Drenthe",591,52.7918785,6.8022555,"Adres",NA
3470,7847,"'t Haantje","T HAANTJE","Coevorden","Drenthe",591,52.8143455,6.8220143,"Adres",NA
3471,7848,"Schoonoord","","Coevorden","Drenthe",591,52.8463259,6.756837,"Adres + Postbus",NA
3472,7849,"De Kiel","","Coevorden","Drenthe",591,52.8633699,6.7316824,"Adres",NA
3473,7851,"Zweeloo","","Coevorden","Drenthe",591,52.7943878,6.7306765,"Adres",NA
3474,7852,"Wezup","","Coevorden","Drenthe",591,52.8120962,6.719235,"Adres",NA
3475,7853,"Wezuperbrug","","Coevorden","Drenthe",591,52.8404098,6.7206171,"Adres",NA
3476,7854,"Aalden","","Coevorden","Drenthe",591,52.7918073,6.7175711,"Adres + Postbus",NA
3477,7855,"Meppen","","Coevorden","Drenthe",591,52.7822588,6.6948796,"Adres",NA
3478,7856,"Benneveld","","Coevorden","Drenthe",591,52.776578,6.7461816,"Adres",NA
3479,7858,"Eeserveen","EESERVEEN BORGER","Borger-Odoorn","Drenthe",599,52.8724234,6.761826,"Adres",NA
3480,7859,"Eeserveen","EESERVEEN BORGER","Borger-Odoorn","Drenthe",599,52.863745,6.7605608,"Adres",NA
3481,7861,"Oosterhesselen","","Coevorden","Drenthe",524,52.757589,6.7173263,"Adres",NA
3482,7863,"Gees","","Coevorden","Drenthe",524,52.7495746,6.6910798,"Adres",NA
3483,7864,"Zwinderen","","Coevorden","Drenthe",524,52.7266049,6.6765411,"Adres",NA
3484,7871,"Klijndijk","","Borger-Odoorn","Drenthe",591,52.8304724,6.857936,"Adres",NA
3485,7872,"Valthe","","Borger-Odoorn","Drenthe",591,52.8454306,6.8941775,"Adres",NA
3486,7873,"Odoorn","","Borger-Odoorn","Drenthe",591,52.8505215,6.8470359,"Adres",NA
3487,7874,"Odoornerveen","","Borger-Odoorn","Drenthe",591,52.843806,6.7865982,"Adres",NA
3488,7875,"Exloo","","Borger-Odoorn","Drenthe",591,52.8826954,6.8648949,"Adres",NA
3489,7876,"Valthermond","","Borger-Odoorn","Drenthe",599,52.8751593,6.948558,"Adres + Postbus",NA
3490,7877,"Tweede Valthermond","","Borger-Odoorn","Drenthe",599,52.8902525,7.0254193,"Adres",NA
3491,7881,"Emmer-Compascuum","EMMER COMPASCUUM;EMMER COMPAS","Emmen","Drenthe",591,52.8117839,7.0457254,"Adres",NA
3492,7884,"Barger-Compascuum","BARGER COMPASCUUM","Emmen","Drenthe",591,52.7548724,7.0416603,"Adres",NA
3493,7885,"Nieuw-Dordrecht","NIEUW DORDRECHT","Emmen","Drenthe",591,52.7485136,6.9678617,"Adres",NA
3494,7887,"Erica","","Emmen","Drenthe",591,52.7103574,6.9281865,"Adres",NA
3495,7889,"Klazienaveen-Noord","","Emmen","Drenthe",592,52.7719191,7.0020222,"Adres",NA
3496,7890,"Klazienaveen","","Emmen","Drenthe",591,52.7151892,6.969668,"Postbus",NA
3497,7891,"Klazienaveen","","Emmen","Drenthe",591,52.7213967,6.9996925,"Adres",NA
3498,7892,"Klazienaveen","","Emmen","Drenthe",591,52.7325933,6.9693983,"Adres",NA
3499,7894,"Zwartemeer","","Emmen","Drenthe",591,52.7201947,7.0416848,"Adres + Postbus",NA
3500,7895,"Roswinkel","","Emmen","Drenthe",591,52.8375134,7.0388792,"Adres",NA
3501,7900,"Hoogeveen","","Hoogeveen","Drenthe",528,52.7259869,6.4749354,"Postbus",NA
3502,7901,"Hoogeveen","","Hoogeveen","Drenthe",528,52.7326738,6.4710625,"Adres",NA
3503,7902,"Hoogeveen","","Hoogeveen","Drenthe",528,52.7250161,6.4882751,"Adres",NA
3504,7903,"Hoogeveen","","Hoogeveen","Drenthe",528,52.7340172,6.4955883,"Adres",NA
3505,7904,"Hoogeveen","","Hoogeveen","Drenthe",528,52.7237037,6.512174,"Adres",NA
3506,7905,"Hoogeveen","","Hoogeveen","Drenthe",528,52.7145175,6.5082697,"Adres",NA
3507,7906,"Hoogeveen","","Hoogeveen","Drenthe",528,52.7144094,6.4857727,"Adres",NA
3508,7907,"Hoogeveen","","Hoogeveen","Drenthe",528,52.7029455,6.4744326,"Adres",NA
3509,7908,"Hoogeveen","","Hoogeveen","Drenthe",528,52.7150409,6.4496397,"Adres",NA
3510,7909,"Hoogeveen","","Hoogeveen","Drenthe",528,52.7140571,6.4183299,"Adres",NA
3511,7911,"Nieuweroord","","Hoogeveen","Drenthe",528,52.7213458,6.5791028,"Adres",NA
3512,7912,"Nieuweroord","","Hoogeveen","Drenthe",528,52.7302483,6.5639159,"Adres",NA
3513,7913,"Hollandscheveld","","Hoogeveen","Drenthe",528,52.7051845,6.5394136,"Adres + Postbus",NA
3514,7914,"Noordscheschut","","Hoogeveen","Drenthe",528,52.7237546,6.5356,"Adres + Postbus",NA
3515,7915,"Alteveer","Alteveer Dr","Hoogeveen","Drenthe",528,52.6827085,6.5007462,"Adres",NA
3516,7916,"Elim","","Hoogeveen","Drenthe",528,52.6813088,6.5800537,"Adres",NA
3517,7917,"Geesbrug","","Coevorden","Drenthe",524,52.727147,6.6343282,"Adres",NA
3518,7918,"Nieuwlande","","Hoogeveen","Drenthe",528,52.6951862,6.6101208,"Adres",NA
3519,7920,"Zuidwolde","","De Wolden","Drenthe",528,52.6648766,6.4396004,"Postbus",NA
3520,7921,"Zuidwolde","","De Wolden","Drenthe",528,52.6743159,6.4258818,"Adres",NA
3521,7924,"Veeningen","","De Wolden","Drenthe",528,52.6694862,6.3713321,"Adres",NA
3522,7925,"Linde","","De Wolden","Drenthe",528,52.6394212,6.4477951,"Adres",NA
3523,7926,"Kerkenveld","","De Wolden","Drenthe",528,52.6674899,6.5046801,"Adres",NA
3524,7927,"Alteveer","","De Wolden","Drenthe",528,52.675,6.486111,"Adres",NA
3525,7929,"Nieuwlande Coevorden","","Coevorden","Drenthe",528,52.7044659,6.6408586,"Adres",NA
3526,7931,"Fluitenberg","","Hoogeveen","Drenthe",528,52.7360087,6.4520253,"Adres",NA
3527,7932,"Echten","","De Wolden","Drenthe",528,52.7120531,6.3989238,"Adres",NA
3528,7933,"Pesse","","Hoogeveen","Drenthe",528,52.7722444,6.4501941,"Adres",NA
3529,7934,"Stuifzand","","Hoogeveen","Drenthe",528,52.7474721,6.49875,"Adres",NA
3530,7935,"Eursinge","","De Wolden","Drenthe",528,52.7770085,6.4440406,"Adres",NA
3531,7936,"Tiendeveen","","Hoogeveen","Drenthe",528,52.74672,6.5437401,"Adres",NA
3532,7938,"Nieuw Balinge","NIEUW-BALINGE","Midden-Drenthe","Drenthe",528,52.7673402,6.6056588,"Adres",NA
3533,7940,"Meppel","","Meppel","Drenthe",522,52.6980793,6.1903523,"Postbus",NA
3534,7941,"Meppel","","Meppel","Drenthe",522,52.6938289,6.1932606,"Adres",NA
3535,7942,"Meppel","","Meppel","Drenthe",522,52.7076267,6.1860545,"Adres",NA
3536,7943,"Meppel","","Meppel","Drenthe",522,52.6955918,6.2108424,"Adres",NA
3537,7944,"Meppel","","Meppel","Drenthe",522,52.6839281,6.1772942,"Adres",NA
3539,7948,"Nijeveen","NYEVEEN","Meppel","Drenthe",522,52.7316875,6.1636226,"Adres",NA
3540,7949,"Rogat","","Meppel","Drenthe",522,52.6881001,6.2656138,"Adres",NA
3545,7957,"De Wijk","DE WYK","De Wolden","Drenthe",522,52.6742848,6.2922178,"Adres + Postbus",NA
3546,7958,"Koekange","","De Wolden","Drenthe",522,52.7000927,6.3184641,"Adres",NA
3547,7961,"Ruinerwold","","De Wolden","Drenthe",522,52.7224272,6.2477691,"Adres",NA
3548,7963,"Ruinen","","De Wolden","Drenthe",522,52.763737,6.3599286,"Adres + Postbus",NA
3549,7964,"Ansen","","De Wolden","Drenthe",522,52.7824535,6.3341311,"Adres",NA
3550,7965,"Broekhuizen","Broekhuizen Dr","Meppel","Drenthe",522,52.694214,6.2664905,"Adres",NA
3551,7966,"De Schiphorst","","Meppel","Drenthe",522,52.6819564,6.2454234,"Adres",NA
3552,7970,"Havelte","","Westerveld","Drenthe",521,52.769872,6.2327874,"Postbus",NA
3553,7971,"Havelte","","Westerveld","Drenthe",521,52.7712587,6.23594,"Adres",NA
3554,7973,"Darp","","Westerveld","Drenthe",521,52.7748364,6.2036734,"Adres",NA
3555,7974,"Havelterberg","","Westerveld","Drenthe",521,52.7730409,6.176729,"Adres",NA
3556,7975,"Uffelte","","Westerveld","Drenthe",521,52.7905962,6.2781653,"Adres",NA
3557,7981,"Diever","","Westerveld","Drenthe",521,52.8547376,6.3177419,"Adres",NA
3558,7983,"Wapse","","Westerveld","Drenthe",521,52.8576344,6.2655306,"Adres",NA
3559,7984,"Dieverbrug","","Westerveld","Drenthe",521,52.846944,6.340833,"Adres",NA
3560,7985,"Geeuwenbrug","","Westerveld","Drenthe",521,52.872778,6.370278,"Adres",NA
3561,7986,"Wittelte","","Westerveld","Drenthe",521,52.8294057,6.3073113,"Adres",NA
3562,7990,"Dwingeloo","","Westerveld","Drenthe",521,52.8357516,6.3634012,"Postbus",NA
3563,7991,"Dwingeloo","","Westerveld","Drenthe",521,52.8353557,6.3658171,"Adres",NA
3745,8351,"Wapserveen","","Westerveld","Drenthe",521,52.8274572,6.2330688,"Adres",NA
3759,8381,"Vledder","","Westerveld","Drenthe",521,52.8574253,6.2104423,"Adres",NA
3760,8382,"Frederiksoord","","Westerveld","Drenthe",521,52.8434333,6.1838777,"Adres",NA
3761,8383,"Nijensleek","NYENSLEEK","Westerveld","Drenthe",521,52.833003,6.1601381,"Adres",NA
3762,8384,"Wilhelminaoord","","Westerveld","Drenthe",521,52.8572074,6.1666239,"Adres",NA
3763,8385,"Vledderveen","","Westerveld","Drenthe",521,52.8763431,6.187924,"Adres",NA
3764,8386,"Doldersum","","Westerveld","Drenthe",521,52.886922,6.2458838,"Adres",NA
3765,8387,"Boschoord","","Westerveld","Drenthe",561,52.883333,6.216667,"Adres",NA
3766,8388,"Oosterstreek","","Weststellingwerf","Friesland",561,52.899167,6.169167,"Adres",NA
3767,8389,"Zandhuizen","","Weststellingwerf","Friesland",561,52.9117216,6.1526872,"Adres",NA
3768,8390,"Noordwolde","","Weststellingwerf","Friesland",561,52.9306298,6.1361115,"Postbus",NA
3769,8391,"Noordwolde","","Weststellingwerf","Friesland",561,52.8905767,6.1412468,"Adres",NA
3770,8392,"Boijl","","Weststellingwerf","Friesland",561,52.9101278,6.2007187,"Adres",NA
3771,8393,"Vinkega","","Weststellingwerf","Friesland",561,52.872999,6.1151444,"Adres",NA
3772,8394,"De Hoeve","","Weststellingwerf","Friesland",561,52.8868001,6.0884871,"Adres",NA
3773,8395,"Steggerda","","Weststellingwerf","Friesland",561,52.8566917,6.0751422,"Adres",NA
3774,8396,"Peperga","","Weststellingwerf","Friesland",561,52.8484746,6.0507283,"Adres",NA
3775,8397,"De Blesse","","Weststellingwerf","Friesland",561,52.8428329,6.041826,"Adres",NA
3776,8398,"Blesdijke","BLESDYKE","Weststellingwerf","Friesland",561,52.8296248,6.0146236,"Adres",NA
3777,8400,"Gorredijk","GORREDYK","Opsterland","Friesland",513,53.0034544,6.064626,"Postbus",NA
3778,8401,"Gorredijk","GORREDYK","Opsterland","Friesland",513,53.003762,6.0648636,"Adres",NA
3779,8403,"Jonkerslân","Jonkersland","Opsterland","Friesland",513,52.97564,6.04255,"Adres",NA
3780,8404,"Langezwaag","","Opsterland","Friesland",513,52.9824148,6.0025602,"Adres",NA
3781,8405,"Luxwoude","","Opsterland","Friesland",513,52.9964646,5.9822194,"Adres",NA
3782,8406,"Tijnje","TYNJE","Opsterland","Friesland",513,53.031338,5.9934442,"Adres",NA
3783,8407,"Terwispel","","Opsterland","Friesland",513,53.0192697,6.0493237,"Adres",NA
3784,8408,"Lippenhuizen","","Opsterland","Friesland",513,53.0174444,6.0919597,"Adres",NA
3785,8409,"Hemrik","","Opsterland","Friesland",516,53.0316772,6.1379988,"Adres",NA
3786,8410,"Jubbega","","Heerenveen","Friesland",516,52.9748154,6.0950066,"Postbus",NA
3787,8411,"Jubbega","","Heerenveen","Friesland",516,53.0034237,6.1221374,"Adres",NA
3788,8412,"Hoornsterzwaag","","Heerenveen","Friesland",516,52.9983239,6.1723081,"Adres",NA
3789,8413,"Oudehorne","","Heerenveen","Friesland",513,52.9609287,6.0765496,"Adres",NA
3790,8414,"Nieuwehorne","","Heerenveen","Friesland",513,52.9483417,6.0570387,"Adres + Postbus",NA
3791,8415,"Bontebok","","Heerenveen","Friesland",513,52.9632199,6.0281857,"Adres",NA
3792,8420,"Oldeberkoop","","Ooststellingwerf","Friesland",516,52.9390541,6.1277258,"Postbus",NA
3793,8421,"Oldeberkoop","","Ooststellingwerf","Friesland",516,52.9386406,6.1307136,"Adres",NA
3794,8422,"Nijeberkoop","NYEBERKOOP","Ooststellingwerf","Friesland",516,52.9586587,6.191014,"Adres",NA
3795,8423,"Makkinga","","Ooststellingwerf","Friesland",516,52.980487,6.2173244,"Adres",NA
3796,8424,"Elsloo","","Ooststellingwerf","Friesland",561,52.9405589,6.2378214,"Adres",NA
3797,8425,"Langedijke","LANGEDYKE","Ooststellingwerf","Friesland",516,52.9616811,6.2816475,"Adres",NA
3798,8426,"Appelscha","","Ooststellingwerf","Friesland",516,52.9523997,6.3563031,"Adres + Postbus",NA
3799,8427,"Ravenswoud","","Ooststellingwerf","Friesland",516,52.9651208,6.3808774,"Adres",NA
3800,8428,"Fochteloo","","Ooststellingwerf","Friesland",516,52.985614,6.3385027,"Adres",NA
3801,8430,"Oosterwolde","Oosterwolde Fr","Ooststellingwerf","Friesland",516,52.9898754,6.2958994,"Postbus",NA
3802,8431,"Oosterwolde","Oosterwolde Fr","Ooststellingwerf","Friesland",516,52.9982454,6.2866004,"Adres + Postbus",NA
3803,8432,"Haule","","Ooststellingwerf","Friesland",516,53.0365305,6.3046863,"Adres",NA
3804,8433,"Haulerwijk","HAULERWYK","Ooststellingwerf","Friesland",516,53.0653054,6.3319233,"Adres + Postbus",NA
3805,8434,"Waskemeer","","Ooststellingwerf","Friesland",516,53.0563837,6.2813745,"Adres + Postbus",NA
3806,8435,"Donkerbroek","","Ooststellingwerf","Friesland",516,53.0173249,6.2349711,"Adres",NA
3807,8437,"Zorgvlied","","Westerveld","Drenthe",521,52.9216165,6.2538379,"Adres",NA
3808,8438,"Wateren","","Westerveld","Drenthe",521,52.9104343,6.2814045,"Adres",NA
3809,8439,"Oude Willem","","Westerveld","Drenthe",521,52.9068106,6.3291884,"Adres",NA
3810,8440,"Heerenveen","","Heerenveen","Friesland",513,52.9614637,5.9210856,"Postbus",NA
3811,8441,"Heerenveen","","Heerenveen","Friesland",513,52.9771023,5.911295,"Adres",NA
3812,8442,"Heerenveen","","Heerenveen","Friesland",513,52.9560115,5.929173,"Adres",NA
3813,8443,"Heerenveen","","Heerenveen","Friesland",513,52.9446734,5.9405193,"Adres",NA
3814,8444,"Heerenveen","","Heerenveen","Friesland",513,52.9305019,5.9546927,"Adres",NA
3815,8445,"Heerenveen","","Heerenveen","Friesland",513,52.9384409,5.9305509,"Adres",NA
3816,8446,"Heerenveen","","Heerenveen","Friesland",513,52.9497769,5.9192052,"Adres",NA
3817,8447,"Heerenveen","","Heerenveen","Friesland",513,52.9611137,5.9078528,"Adres",NA
3818,8448,"Heerenveen","","Heerenveen","Friesland",513,52.9675745,5.9402995,"Adres",NA
3819,8449,"Terband","","Heerenveen","Friesland",513,53.0060142,5.897299,"Adres",NA
3820,8451,"Oudeschoot","","Heerenveen","Friesland",513,52.933158,5.9798679,"Adres",NA
3821,8452,"Nieuweschoot","","Heerenveen","Friesland",513,52.9309449,5.9332436,"Adres",NA
3822,8453,"Oranjewoud","","Heerenveen","Friesland",513,52.9504028,5.9633787,"Adres",NA
3823,8454,"Mildam","","Heerenveen","Friesland",513,52.9349101,6.0030051,"Adres",NA
3824,8455,"Katlijk","KATLYK","Heerenveen","Friesland",513,52.9473703,6.0124351,"Adres",NA
3825,8456,"De Knipe","","Heerenveen","Friesland",513,52.9685087,5.9674586,"Adres",NA
3826,8457,"Gersloot","","Heerenveen","Friesland",513,53.0046927,5.96085,"Adres",NA
3827,8458,"Tjalleberd","","Heerenveen","Friesland",513,52.9978296,5.9432282,"Adres",NA
3828,8459,"Luinjeberd","","Heerenveen","Friesland",513,52.9918842,5.9247596,"Adres",NA
3829,8461,"Rottum","","Skarsterlân","Friesland",513,52.9356565,5.8917903,"Adres",NA
3830,8462,"Rotstergaast","","Skarsterlân","Friesland",513,52.9004303,5.8937014,"Adres",NA
3831,8463,"Rotsterhaule","","Skarsterlân","Friesland",513,52.9227609,5.8449816,"Adres",NA
3832,8464,"Sintjohannesga","SINT JOHANNESGA","Skarsterlân","Friesland",513,52.9363021,5.8659471,"Adres",NA
3833,8465,"Oudehaske","","Skarsterlân","Friesland",513,52.9568858,5.8714262,"Adres",NA
3834,8466,"Nijehaske","NYEHASKE","Skarsterlân","Friesland",513,52.9613501,5.8935762,"Adres",NA
3835,8467,"Vegelinsoord","","Skarsterlân","Friesland",513,52.9993439,5.8636397,"Adres",NA
3836,8468,"Haskerdijken","HASKERDYKEN","Skarsterlân","Friesland",513,52.9927516,5.8820568,"Adres",NA
3837,8469,"Nieuwebrug","","Skarsterlân","Friesland",513,52.9907088,5.8849227,"Adres",NA
3838,8470,"Wolvega","","Weststellingwerf","Friesland",561,52.8781093,5.9887014,"Postbus",NA
3839,8471,"Wolvega","","Weststellingwerf","Friesland",561,52.8676069,6.0013114,"Adres",NA
3840,8472,"Wolvega","","Weststellingwerf","Friesland",561,52.8763149,6.0152733,"Adres",NA
3841,8474,"Oldeholtpade","","Weststellingwerf","Friesland",561,52.8927613,6.047896,"Adres",NA
3842,8475,"Nijeholtpade","NYEHOLTPADE","Weststellingwerf","Friesland",561,52.9124446,6.0783552,"Adres",NA
3843,8476,"Ter Idzard","","Weststellingwerf","Friesland",561,52.9050559,6.0370666,"Adres",NA
3844,8477,"Oldeholtwolde","","Weststellingwerf","Friesland",561,52.9064184,6.0107631,"Adres",NA
3845,8478,"Sonnega","","Weststellingwerf","Friesland",561,52.8697601,5.9684037,"Adres",NA
3846,8479,"Oldetrijne","OLDETRYNE","Weststellingwerf","Friesland",561,52.8619047,5.946056,"Adres",NA
3847,8481,"Nijetrijne","","Weststellingwerf","Friesland",561,52.8429864,5.9086643,"Adres",NA
3848,8482,"Spanga","","Weststellingwerf","Friesland",561,52.8188502,5.8850429,"Adres",NA
3849,8483,"Scherpenzeel","","Weststellingwerf","Friesland",561,52.8317587,5.8754856,"Adres",NA
3850,8484,"Langelille","","Weststellingwerf","Friesland",561,52.8423439,5.8440204,"Adres",NA
3851,8485,"Munnekeburen","","Weststellingwerf","Friesland",561,52.8508842,5.8880353,"Adres",NA
3852,8486,"Oldelamer","","Weststellingwerf","Friesland",561,52.8712795,5.9320965,"Adres",NA
3853,8487,"Nijelamer","NYELAMER","Weststellingwerf","Friesland",561,52.8862115,5.9582476,"Adres",NA
3854,8488,"Nijeholtwolde","NYEHOLTWOLDE","Weststellingwerf","Friesland",561,52.8959354,5.9871194,"Adres",NA
3855,8489,"Slijkenburg","SLYKENBURG","Weststellingwerf","Friesland",527,52.8065575,5.8442817,"Adres",NA
3856,8490,"Akkrum","","Boarnsterhim","Friesland",566,53.0381781,5.8488052,"Postbus",NA
3857,8491,"Akkrum","","Boarnsterhim","Friesland",566,53.0493736,5.8341466,"Adres",NA
3858,8493,"Terherne","TERHORNE","Boarnsterhim","Friesland",566,53.0410043,5.7814,"Adres + Postbus",NA
3859,8494,"Nes","","Boarnsterhim","Friesland",566,53.0683281,5.8652353,"Adres",NA
3860,8495,"Aldeboarn","OLDEBOORN","Boarnsterhim","Friesland",566,53.0481093,5.8924892,"Adres",NA
3861,8497,"Goëngahuizen","GOENGAHUIZEN","Smallingerland","Friesland",566,53.0833333,5.8833333,"Adres",NA
3862,8500,"Joure","","Skarsterlân","Friesland",513,52.967918,5.796805,"Postbus",NA
3863,8501,"Joure","","Skarsterlân","Friesland",513,52.9721559,5.7930415,"Adres",NA
3864,8502,"Joure","","Skarsterlân","Friesland",513,52.9711566,5.8134925,"Adres",NA
3865,8503,"Joure","","Skarsterlân","Friesland",513,52.9628197,5.7635429,"Adres",NA
3866,8505,"Snikzwaag","","Skarsterlân","Friesland",513,52.9853496,5.7877901,"Adres",NA
3867,8506,"Haskerhorne","","Skarsterlân","Friesland",513,52.9533826,5.8293375,"Adres",NA
3868,8507,"Rohel","","Skarsterlân","Friesland",513,52.9174277,5.8318126,"Adres",NA
3869,8508,"Delfstrahuizen","","Lemsterland","Friesland",514,52.8741795,5.8249106,"Adres",NA
3870,8511,"Goingarijp","GOINGARYP","Skarsterlân","Friesland",566,53.0101991,5.7705574,"Adres",NA
3871,8512,"Broek","","Skarsterlân","Friesland",513,52.983056,5.777222,"Adres",NA
3872,8513,"Ouwsterhaule","","Skarsterlân","Friesland",513,52.9389359,5.8135725,"Adres",NA
3873,8514,"Ouwster-Nijega","OUWSTER NYEGA","Skarsterlân","Friesland",513,52.9296763,5.8044253,"Adres",NA
3874,8515,"Oldeouwer","","Skarsterlân","Friesland",513,52.9181233,5.7982042,"Adres",NA
3875,8516,"Doniaga","","Skarsterlân","Friesland",513,52.9056497,5.747647,"Adres",NA
3876,8517,"Scharsterbrug","","Skarsterlân","Friesland",513,52.9430397,5.7776424,"Adres",NA
3877,8520,"Sint Nicolaasga","ST NICOLAASGA","Skarsterlân","Friesland",513,52.9254962,5.7409619,"Postbus",NA
3878,8521,"Sint Nicolaasga","ST NICOLAASGA","Skarsterlân","Friesland",513,52.9243196,5.7406279,"Adres",NA
3879,8522,"Tjerkgaast","","Skarsterlân","Friesland",514,52.9035576,5.6783033,"Adres",NA
3880,8523,"Idskenhuizen","","Skarsterlân","Friesland",513,52.9283231,5.7137736,"Adres",NA
3881,8524,"Teroele","","Skarsterlân","Friesland",513,52.9350628,5.6934478,"Adres",NA
3882,8525,"Langweer","","Skarsterlân","Friesland",513,52.9583718,5.723091,"Adres",NA
3883,8526,"Boornzwaag","","Skarsterlân","Friesland",513,52.958372,5.7456541,"Adres",NA
3884,8527,"Legemeer","","Skarsterlân","Friesland",513,52.9394865,5.7289998,"Adres",NA
3885,8528,"Dijken","DYKEN","Skarsterlân","Friesland",513,52.9511305,5.710463,"Adres",NA
3886,8529,"Koufurderrige","","Wymbritseradiel","Friesland",514,52.9543965,5.6542861,"Adres",NA
3887,8530,"Lemmer","","Lemsterland","Friesland",514,52.8460331,5.6949828,"Postbus",NA
3888,8531,"Lemmer","","Lemsterland","Friesland",514,52.878014,5.6806508,"Adres",NA
3889,8532,"Lemmer","","Lemsterland","Friesland",514,52.8568259,5.7019512,"Adres",NA
3890,8534,"Eesterga","","Lemsterland","Friesland",514,52.868055,5.7283961,"Adres",NA
3891,8535,"Follega","","Lemsterland","Friesland",514,52.8862034,5.7361296,"Adres",NA
3892,8536,"Oosterzee","","Lemsterland","Friesland",514,52.8699773,5.7529451,"Adres",NA
3893,8537,"Echten","","Lemsterland","Friesland",514,52.8765088,5.7952089,"Adres",NA
3894,8538,"Bantega","","Lemsterland","Friesland",514,52.8416244,5.7972027,"Adres",NA
3895,8539,"Echtenerbrug","","Lemsterland","Friesland",514,52.8733749,5.822319,"Adres",NA
3896,8541,"Akmarijp","AKMARYP","Skarsterlân","Friesland",566,53.0056557,5.7886028,"Adres",NA
3897,8542,"Terkaple","","Skarsterlân","Friesland",566,53.0136865,5.7894517,"Adres",NA
3898,8551,"Woudsend","","Wymbritseradiel","Friesland",514,52.9427599,5.6287027,"Adres",NA
3899,8552,"Smallebrugge","","Wymbritseradiel","Friesland",514,52.9580538,5.6377756,"Adres",NA
3900,8553,"Indijk","INDYK","Wymbritseradiel","Friesland",514,52.9467921,5.6018568,"Adres",NA
3901,8554,"IJpecolsga","YPECOLSGA","Wymbritseradiel","Friesland",514,53.1641642,5.7817542,"Adres",NA
3902,8556,"Sloten","","Gaasterlân-Sleat","Friesland",514,52.8945213,5.6457171,"Adres",NA
3903,8560,"Balk","","Gaasterlân-Sleat","Friesland",514,53.0011262,6.2311672,"Postbus",NA
3904,8561,"Balk","","Gaasterlân-Sleat","Friesland",514,52.8972249,5.5798871,"Adres",NA
3905,8563,"Wijckel","WYCKEL","Gaasterlân-Sleat","Friesland",514,52.8889663,5.6247945,"Adres",NA
3906,8564,"Ruigahuizen","","Gaasterlân-Sleat","Friesland",514,52.8815405,5.5704592,"Adres",NA
3907,8565,"Sondel","","Gaasterlân-Sleat","Friesland",514,52.8711433,5.5976085,"Adres",NA
3908,8566,"Nijemirdum","NYEMIRDUM","Gaasterlân-Sleat","Friesland",514,52.8557002,5.5673222,"Adres",NA
3909,8567,"Oudemirdum","","Gaasterlân-Sleat","Friesland",514,52.8494203,5.5332441,"Adres",NA
3910,8571,"Harich","","Gaasterlân-Sleat","Friesland",514,52.9024442,5.5636659,"Adres",NA
3911,8572,"Rijs","","Gaasterlân-Sleat","Friesland",514,52.8632514,5.4992868,"Adres",NA
3912,8573,"Mirns","","Gaasterlân-Sleat","Friesland",514,52.8567456,5.4649598,"Adres",NA
3913,8574,"Bakhuizen","","Gaasterlân-Sleat","Friesland",514,52.8686496,5.45515,"Adres",NA
3914,8581,"Elahuizen","","Gaasterlân-Sleat","Friesland",514,52.9255427,5.5416776,"Adres",NA
3915,8582,"Oudega","Oudega G.S.","Gaasterlân-Sleat","Friesland",514,52.9044748,5.5226678,"Adres",NA
3916,8583,"Kolderwolde","","Gaasterlân-Sleat","Friesland",514,52.897222,5.51,"Adres",NA
3917,8584,"Hemelum","","Nijefurd","Friesland",514,52.880709,5.4560155,"Adres",NA
3918,8600,"Sneek","","Sneek","Friesland",515,53.0307872,5.6696146,"Postbus",NA
3919,8601,"Sneek","","Sneek","Friesland",515,53.033371,5.640579,"Adres",NA
3920,8602,"Sneek","","Sneek","Friesland",515,53.0437233,5.6495921,"Adres",NA
3921,8603,"Sneek","","Sneek","Friesland",515,53.0414961,5.6680688,"Adres",NA
3922,8604,"Sneek","","Sneek","Friesland",515,53.0353444,5.6840137,"Adres",NA
3923,8605,"Sneek","","Sneek","Friesland",515,53.0331644,5.673233,"Adres",NA
3924,8606,"Sneek","","Sneek","Friesland",515,53.0204238,5.6860867,"Adres",NA
3925,8607,"Sneek","","Sneek","Friesland",515,53.016064,5.6645381,"Adres",NA
3926,8608,"Sneek","","Sneek","Friesland",515,53.0223731,5.645198,"Adres",NA
3927,8611,"Gaastmeer","","Wymbritseradiel","Friesland",515,52.9645319,5.5433936,"Adres",NA
3928,8612,"Idzega","","Wymbritseradiel","Friesland",515,52.9799028,5.5533645,"Adres",NA
3929,8613,"Sandfirden","","Wymbritseradiel","Friesland",515,52.9881299,5.5209776,"Adres",NA
3930,8614,"Oudega","Oudega (Wymbritseradeel)","Wymbritseradiel","Friesland",515,52.9925,5.548611,"Adres",NA
3931,8615,"Blauwhuis","","Wymbritseradiel","Friesland",515,53.0225,5.532222,"Adres",NA
3932,8616,"Westhem","","Wymbritseradiel","Friesland",515,53.0156183,5.5500441,"Adres",NA
3933,8617,"Abbega","","Wymbritseradiel","Friesland",515,53.0192891,5.5716955,"Adres",NA
3934,8618,"Oosthem","","Wymbritseradiel","Friesland",515,53.0165259,5.6012921,"Adres",NA
3935,8621,"Heeg","","Wymbritseradiel","Friesland",515,52.9715521,5.605224,"Adres",NA
3936,8622,"Hommerts","","Wymbritseradiel","Friesland",515,52.981679,5.6501505,"Adres",NA
3937,8623,"Jutrijp","JUTRYP","Wymbritseradiel","Friesland",515,52.994763,5.6500956,"Adres",NA
3938,8624,"Uitwellingerga","","Wymbritseradiel","Friesland",515,53.0033721,5.7053841,"Adres",NA
3939,8625,"Oppenhuizen","","Wymbritseradiel","Friesland",515,53.0125795,5.6964222,"Adres",NA
3940,8626,"Offingawier","","Sneek","Friesland",515,53.030926,5.6941529,"Adres",NA
3941,8627,"Gauw","","Wymbritseradiel","Friesland",515,53.0585683,5.7140367,"Adres",NA
3942,8628,"Goënga","GOENGA","Wymbritseradiel","Friesland",515,53.05,5.7,"Adres",NA
3943,8629,"Scharnegoutum","","Wymbritseradiel","Friesland",515,53.0643261,5.6802174,"Adres",NA
3944,8631,"Loënga","LOENGA","Sneek","Friesland",515,53.05,5.6833333,"Adres",NA
3945,8632,"Tirns","","Wymbritseradiel","Friesland",515,53.05892,5.6261417,"Adres",NA
3946,8633,"IJsbrechtum","YSBRECHTUM","Sneek","Friesland",515,53.0419773,5.6325566,"Adres",NA
3947,8635,"Boazum","BOZUM","Littenseradiel","Friesland",515,53.0884393,5.6965448,"Adres",NA
3948,8636,"Britswert","BRITSWERD","Littenseradiel","Friesland",58,53.1122141,5.6756875,"Adres",NA
3949,8637,"Wieuwerd","","Littenseradiel","Friesland",58,53.1097084,5.6897079,"Adres",NA
3950,8641,"Rien","","Littenseradiel","Friesland",515,53.0959643,5.6578893,"Adres",NA
3951,8642,"Lutkewierum","","Littenseradiel","Friesland",515,53.0886961,5.663273,"Adres",NA
3952,8644,"Dearsum","DEERSUM","Boarnsterhim","Friesland",515,53.086491,5.7161575,"Adres",NA
3953,8647,"Sibrandabuorren","SYBRANDABUREN","Boarnsterhim","Friesland",515,53.0683264,5.7208088,"Adres",NA
3954,8650,"IJlst","","Wymbritseradiel","Friesland",515,52.9680597,5.604922,"Postbus",NA
3955,8651,"IJlst","","Wymbritseradiel","Friesland",515,53.0113587,5.620591,"Adres",NA
3956,8658,"Greonterp","","Wymbritseradiel","Friesland",515,53.0155037,5.5190502,"Adres",NA
3957,8700,"Bolsward","","Bolsward","Friesland",515,53.0569848,5.5356553,"Postbus",NA
3958,8701,"Bolsward","","Bolsward","Friesland",515,53.0612531,5.5216963,"Adres",NA
3959,8702,"Bolsward","","Bolsward","Friesland",515,53.0689611,5.5429188,"Adres",NA
3960,8710,"Workum","","Nijefurd","Friesland",515,52.9601858,5.4131901,"Postbus",NA
3961,8711,"Workum","","Nijefurd","Friesland",515,52.9803166,5.4495924,"Adres",NA
3962,8713,"Hindeloopen","","Nijefurd","Friesland",514,52.9426846,5.4012542,"Adres",NA
3963,8715,"Stavoren","","Nijefurd","Friesland",514,52.8829456,5.3607068,"Adres",NA
3964,8721,"Warns","","Nijefurd","Friesland",514,52.8743192,5.4107648,"Adres",NA
3965,8722,"Molkwerum","","Nijefurd","Friesland",514,52.9003905,5.39941,"Adres",NA
3966,8723,"Koudum","","Nijefurd","Friesland",514,52.914484,5.4482493,"Adres + Postbus",NA
3967,8724,"It Heidenskip","","Nijefurd","Friesland",514,52.9488351,5.5018875,"Adres",NA
3968,8730,"Wommels","","Littenseradiel","Friesland",515,53.1079328,5.590158,"Postbus",NA
3969,8731,"Wommels","","Littenseradiel","Friesland",515,53.1081532,5.5872898,"Adres",NA
3970,8732,"Kûbaard","KUBAARD","Littenseradiel","Friesland",515,53.1166667,5.5666667,"Adres",NA
3971,8733,"Iens","","Littenseradiel","Friesland",515,53.1220978,5.6133302,"Adres",NA
3972,8734,"Easterein","","Littenseradiel","Friesland",515,53.0972592,5.6189034,"Adres",NA
3973,8735,"Itens","","Littenseradiel","Friesland",515,53.1014059,5.6432917,"Adres",NA
3974,8736,"Reahûs","Reahus","Littenseradiel","Friesland",515,53.08372,5.63195,"Adres",NA
3975,8737,"Hidaard","","Littenseradiel","Friesland",515,53.0794605,5.6032291,"Adres",NA
3976,8741,"Hartwerd","","Wûnseradiel","Friesland",515,53.0681155,5.5682032,"Adres",NA
3977,8742,"Burgwerd","","Wûnseradiel","Friesland",515,53.086119,5.5458909,"Adres",NA
3978,8743,"Hichtum","","Wûnseradiel","Friesland",515,53.0813543,5.525951,"Adres",NA
3979,8744,"Schettens","","Wûnseradiel","Friesland",517,53.0829415,5.4836023,"Adres",NA
3980,8745,"Longerhouw","","Wûnseradiel","Friesland",517,53.0692241,5.4784098,"Adres",NA
3981,8746,"Schraard","","Wûnseradiel","Friesland",517,53.0807887,5.4512145,"Adres",NA
3982,8747,"Wons","","Wûnseradiel","Friesland",517,53.0839813,5.423212,"Adres",NA
3983,8748,"Witmarsum","","Wûnseradiel","Friesland",517,53.1023274,5.4667442,"Adres + Postbus",NA
3984,8749,"Pingjum","","Wûnseradiel","Friesland",517,53.1158288,5.4392565,"Adres",NA
3985,8751,"Zurich","","Wûnseradiel","Friesland",517,53.1111778,5.3947511,"Adres",NA
3986,8752,"Kornwerderzand","","Wûnseradiel","Friesland",517,53.0726456,5.337913,"Adres",NA
3987,8753,"Cornwerd","","Wûnseradiel","Friesland",515,53.0832949,5.3907465,"Adres",NA
3988,8754,"Makkum","","Wûnseradiel","Friesland",515,53.0561114,5.4032128,"Adres + Postbus",NA
3989,8755,"Idsegahuizum","","Wûnseradiel","Friesland",515,53.0430986,5.4180548,"Adres",NA
3990,8756,"Piaam","","Wûnseradiel","Friesland",515,53.0385612,5.406829,"Adres",NA
3991,8757,"Gaast","","Wûnseradiel","Friesland",515,53.0163297,5.409823,"Adres",NA
3992,8758,"Allingawier","","Wûnseradiel","Friesland",515,53.0476961,5.4459764,"Adres",NA
3993,8759,"Exmorra","","Wûnseradiel","Friesland",515,53.055539,5.464973,"Adres",NA
3994,8761,"Ferwoude","","Wûnseradiel","Friesland",515,53.0057009,5.4332717,"Adres",NA
3995,8762,"Hieslum","","Wûnseradiel","Friesland",515,53.0083208,5.4885496,"Adres",NA
3996,8763,"Parrega","","Wûnseradiel","Friesland",515,53.0187592,5.4776928,"Adres",NA
3997,8764,"Dedgum","","Wûnseradiel","Friesland",515,53.0233306,5.4918158,"Adres",NA
3998,8765,"Tjerkwerd","","Wûnseradiel","Friesland",515,53.0423532,5.5025371,"Adres",NA
3999,8766,"Breezanddijk","BREEZANDDYK","Wûnseradiel","Friesland",517,53.02,5.206944,"Adres",NA
4000,8771,"Nijland","NYLAND","Wymbritseradiel","Friesland",515,53.0509933,5.5765426,"Adres",NA
4001,8772,"Tjalhuizum","","Wymbritseradiel","Friesland",515,53.0468753,5.6140568,"Adres",NA
4002,8773,"Folsgare","","Wymbritseradiel","Friesland",515,53.0377002,5.6045421,"Adres",NA
4003,8774,"Wolsum","","Wymbritseradiel","Friesland",515,53.0364094,5.545277,"Adres",NA
4004,8775,"Nijhuizum","NYHUIZUM","Nijefurd","Friesland",515,52.9801037,5.485533,"Adres",NA
4005,8800,"Franeker","","Franekeradeel","Friesland",517,53.1855183,5.5381637,"Postbus",NA
4006,8801,"Franeker","","Franekeradeel","Friesland",517,53.1802772,5.5568376,"Adres",NA
4007,8802,"Franeker","","Franekeradeel","Friesland",517,53.1950854,5.5287618,"Adres",NA
4008,8804,"Tzum","","Franekeradeel","Friesland",517,53.1588616,5.5633501,"Adres + Postbus",NA
4009,8805,"Hitzum","","Franekeradeel","Friesland",517,53.1661334,5.5195989,"Adres",NA
4010,8806,"Achlum","","Franekeradeel","Friesland",517,53.1480338,5.4847188,"Adres",NA
4011,8807,"Herbaijum","HERBAYUM","Franekeradeel","Friesland",517,53.1848118,5.4954675,"Adres",NA
4012,8808,"Dongjum","","Franekeradeel","Friesland",517,53.2084093,5.5431818,"Adres",NA
4013,8809,"Boer","","Franekeradeel","Friesland",517,53.2154852,5.5658264,"Adres",NA
4014,8811,"Ried","","Franekeradeel","Friesland",517,53.2237365,5.5923017,"Adres",NA
4015,8812,"Peins","","Franekeradeel","Friesland",517,53.206274,5.5944189,"Adres",NA
4016,8813,"Schalsum","","Franekeradeel","Friesland",517,53.1981155,5.572159,"Adres",NA
4017,8814,"Zweins","","Franekeradeel","Friesland",517,53.1909074,5.605222,"Adres",NA
4018,8816,"Skingen","Schingen","Menaldumadeel","Friesland",517,53.2015322,5.6175766,"Adres",NA
4019,8821,"Kimswerd","","Wûnseradiel","Friesland",517,53.141862,5.4394094,"Adres",NA
4020,8822,"Arum","","Wûnseradiel","Friesland",517,53.12943,5.4774311,"Adres",NA
4021,8823,"Lollum","","Wûnseradiel","Friesland",517,53.1258912,5.5309636,"Adres",NA
4022,8831,"Winsum","","Littenseradiel","Friesland",517,53.1527192,5.6326533,"Adres",NA
4023,8832,"Húns","Huns","Littenseradiel","Friesland",517,53.1673,5.66671,"Adres",NA
4024,8833,"Leons","LIONS","Littenseradiel","Friesland",517,53.1521734,5.6796607,"Adres",NA
4025,8834,"Baard","","Littenseradiel","Friesland",517,53.1422439,5.66849,"Adres",NA
4026,8835,"Easterlittens","OOSTERLITTENS","Littenseradiel","Friesland",517,53.1353215,5.6501712,"Adres",NA
4027,8841,"Baaium","BAYUM","Littenseradiel","Friesland",517,53.1648887,5.6222558,"Adres",NA
4028,8842,"Wjelsryp","WELSRYP","Littenseradiel","Friesland",517,53.1666521,5.606909,"Adres",NA
4029,8843,"Spannum","","Littenseradiel","Friesland",517,53.1428386,5.6076101,"Adres",NA
4030,8844,"Hinnaard","HENNAARD","Littenseradiel","Friesland",515,53.1125561,5.6353678,"Adres",NA
4031,8845,"Waaksens","","Littenseradiel","Friesland",517,53.1099958,5.5379145,"Adres",NA
4032,8851,"Tzummarum","","Franekeradeel","Friesland",518,53.2374865,5.5498319,"Adres",NA
4033,8852,"Firdgum","","Franekeradeel","Friesland",518,53.2485421,5.5601505,"Adres",NA
4034,8853,"Klooster-Lidlum","KLOOSTER LIDLUM","Franekeradeel","Friesland",518,53.2300428,5.5240626,"Adres",NA
4035,8854,"Oosterbierum","","Franekeradeel","Friesland",518,53.2345932,5.5123207,"Adres",NA
4036,8855,"Sexbierum","","Franekeradeel","Friesland",517,53.2173164,5.4843741,"Adres + Postbus",NA
4037,8856,"Pietersbierum","","Franekeradeel","Friesland",517,53.2157199,5.4764288,"Adres",NA
4038,8857,"Wijnaldum","WYNALDUM","Harlingen","Friesland",517,53.1956574,5.4597788,"Adres",NA
4039,8860,"Harlingen","","Harlingen","Friesland",517,53.1753413,5.4182838,"Postbus",NA
4040,8861,"Harlingen","","Harlingen","Friesland",517,53.1768359,5.4561221,"Adres",NA
4041,8862,"Harlingen","","Harlingen","Friesland",517,53.1633047,5.4568733,"Adres",NA
4042,8871,"Midlum","","Harlingen","Friesland",517,53.1853369,5.476776,"Adres",NA
4043,8872,"Midlum","","Harlingen","Friesland",517,53.1881629,5.4445904,"Adres",NA
4044,8880,"West-Terschelling","","Terschelling","Friesland",562,53.3642447,5.2168968,"Postbus",NA
4045,8881,"West-Terschelling","","Terschelling","Friesland",562,53.3627053,5.2168932,"Adres",NA
4046,8882,"Hee","TERSCHELLING HEE","Terschelling","Friesland",562,53.3755111,5.255395,"Adres",NA
4047,8883,"Kaart","","Terschelling","Friesland",562,53.3766227,5.2703421,"Adres",NA
4048,8884,"Baaiduinen","","Terschelling","Friesland",562,53.3773557,5.2868677,"Adres",NA
4049,8885,"Kinnum","","Terschelling","Friesland",562,53.3753702,5.2761001,"Adres",NA
4050,8891,"Midsland","Terschelling Midsland","Terschelling","Friesland",562,53.382631,5.2874422,"Adres",NA
4051,8892,"Seerijp","ZEERYP;Seeryp","Terschelling","Friesland",562,53.3799642,5.2974874,"Adres",NA
4052,8893,"Landerum","","Terschelling","Friesland",562,53.3866214,5.300388,"Adres",NA
4053,8894,"Formerum","","Terschelling","Friesland",562,53.3898535,5.3098956,"Adres",NA
4054,8895,"Lies","","Terschelling","Friesland",562,53.3938612,5.3262428,"Adres",NA
4055,8896,"Hoorn","Terschelling Hoorn","Terschelling","Friesland",562,53.3970134,5.3436161,"Adres",NA
4056,8897,"Oosterend","Terschelling Oosterend","Terschelling","Friesland",562,53.4043348,5.379603,"Adres",NA
4057,8899,"Vlieland","","Vlieland","Friesland",562,53.2501844,4.9514271,"Adres + Postbus",NA
4058,8900,"Leeuwarden","","Leeuwarden","Friesland",58,53.223301,5.7516999,"Adres + Postbus",NA
4059,8901,"Leeuwarden","","Leeuwarden","Friesland",58,53.223301,5.7516999,"Postbus",NA
4060,8902,"Leeuwarden","","Leeuwarden","Friesland",58,53.223301,5.7516999,"Postbus",NA
4061,8903,"Leeuwarden","","Leeuwarden","Friesland",58,53.223301,5.7516999,"Postbus",NA
4062,8911,"Leeuwarden","","Leeuwarden","Friesland",58,53.2026778,5.7950927,"Adres",NA
4063,8912,"Leeuwarden","","Leeuwarden","Friesland",58,53.1897198,5.7559507,"Adres",NA
4064,8913,"Leeuwarden","","Leeuwarden","Friesland",58,53.2006715,5.7807928,"Adres",NA
4065,8914,"Leeuwarden","","Leeuwarden","Friesland",58,53.2060963,5.7524581,"Adres",NA
4066,8915,"Leeuwarden","","Leeuwarden","Friesland",58,53.2107808,5.7673155,"Adres",NA
4067,8916,"Leeuwarden","","Leeuwarden","Friesland",58,53.2060198,5.7819218,"Adres",NA
4068,8917,"Leeuwarden","","Leeuwarden","Friesland",58,53.2081932,5.7927898,"Adres",NA
4069,8918,"Leeuwarden","","Leeuwarden","Friesland",58,53.2162164,5.7944872,"Adres",NA
4070,8919,"Leeuwarden","","Leeuwarden","Friesland",58,53.2246534,5.7598272,"Adres",NA
4071,8921,"Leeuwarden","","Leeuwarden","Friesland",58,53.2045145,5.8128329,"Adres",NA
4072,8922,"Leeuwarden","","Leeuwarden","Friesland",58,53.2103656,5.8036612,"Adres",NA
4073,8923,"Leeuwarden","","Leeuwarden","Friesland",58,53.2152112,5.8151038,"Adres",NA
4074,8924,"Leeuwarden","","Leeuwarden","Friesland",58,53.2065166,5.8271439,"Adres",NA
4075,8925,"Leeuwarden","","Leeuwarden","Friesland",58,53.2070956,5.8428933,"Adres",NA
4076,8926,"Leeuwarden","","Leeuwarden","Friesland",58,53.2192817,5.8698209,"Adres",NA
4077,8927,"Leeuwarden","","Leeuwarden","Friesland",58,53.2195507,5.8368658,"Adres",NA
4078,8931,"Leeuwarden","","Leeuwarden","Friesland",58,53.1871358,5.7814036,"Adres",NA
4079,8932,"Leeuwarden","","Leeuwarden","Friesland",58,53.1919824,5.7928302,"Adres",NA
4080,8933,"Leeuwarden","","Leeuwarden","Friesland",58,53.1966606,5.8076965,"Adres",NA
4081,8934,"Leeuwarden","","Leeuwarden","Friesland",58,53.1913133,5.8065627,"Adres",NA
4082,8935,"Leeuwarden","","Leeuwarden","Friesland",58,53.1879691,5.8197296,"Adres",NA
4083,8936,"Leeuwarden","","Leeuwarden","Friesland",58,53.193148,5.8243002,"Adres",NA
4084,8937,"Leeuwarden","","Leeuwarden","Friesland",58,53.1984952,5.8254374,"Adres",NA
4085,8938,"Leeuwarden","","Leeuwarden","Friesland",58,53.1960635,5.8474836,"Adres",NA
4086,8939,"Leeuwarden","","Leeuwarden","Friesland",58,53.1796869,5.8509287,"Adres",NA
4087,8941,"Leeuwarden","","Leeuwarden","Friesland",58,53.1660025,5.7994674,"Adres",NA
4088,9000,"Grou","GROUW","Boarnsterhim","Friesland",566,53.12021,5.8519,"Postbus",NA
4089,9001,"Grou","GROUW","Boarnsterhim","Friesland",566,53.0949487,5.8388679,"Adres",NA
4090,9003,"Warten","WARTENA","Boarnsterhim","Friesland",58,53.1500391,5.8981573,"Adres",NA
4091,9004,"Warstiens","","Boarnsterhim","Friesland",58,53.1613633,5.8627694,"Adres",NA
4092,9005,"Wergea","WARGA","Boarnsterhim","Friesland",58,53.1519991,5.8468646,"Adres",NA
4093,9006,"Eagum","AEGUM","Boarnsterhim","Friesland",58,53.1306799,5.8290237,"Adres",NA
4094,9007,"Idaerd","IDAARD","Boarnsterhim","Friesland",566,53.1187878,5.8126966,"Adres",NA
4095,9008,"Reduzum","","Boarnsterhim","Friesland",566,53.1169587,5.7853763,"Adres",NA
4096,9009,"Friens","","Boarnsterhim","Friesland",566,53.0994661,5.800429,"Adres",NA
4097,9011,"Jirnsum","IRNSUM","Boarnsterhim","Friesland",566,53.0806327,5.7936461,"Adres",NA
4098,9012,"Raerd","RAUWERD","Boarnsterhim","Friesland",566,53.0983382,5.760811,"Adres",NA
4099,9013,"Poppenwier","POPPINGAWIER","Boarnsterhim","Friesland",566,53.0845118,5.7484015,"Adres",NA
4100,9014,"Tersoal","","Boarnsterhim","Friesland",515,53.0746615,5.7365693,"Adres",NA
4101,9021,"Easterwierrum","OOSTERWIERUM;Easterwierum","Littenseradiel","Friesland",58,53.1100959,5.7324943,"Adres",NA
4102,9022,"Mantgum","","Littenseradiel","Friesland",58,53.1291256,5.7206493,"Adres",NA
4103,9023,"Jorwert","JORWERD","Littenseradiel","Friesland",58,53.144848,5.7118331,"Adres",NA
4104,9024,"Weidum","","Littenseradiel","Friesland",58,53.1460597,5.7439155,"Adres",NA
4105,9025,"Bears","","Littenseradiel","Friesland",58,53.1560181,5.7339966,"Adres",NA
4106,9026,"Jellum","","Littenseradiel","Friesland",58,53.1686191,5.7402157,"Adres",NA
4107,9027,"Hilaard","HYLAARD","Littenseradiel","Friesland",58,53.1649603,5.7117022,"Adres",NA
4108,9031,"Boksum","","Menaldumadeel","Friesland",58,53.176945,5.7280173,"Adres",NA
4109,9032,"Blessum","","Menaldumadeel","Friesland",58,53.180992,5.7105786,"Adres",NA
4110,9033,"Deinum","","Menaldumadeel","Friesland",58,53.1918429,5.7249778,"Adres",NA
4111,9034,"Marsum","Marssum","Menaldumadeel","Friesland",58,53.2107798,5.7266674,"Adres",NA
4112,9035,"Dronryp","Dronrijp","Menaldumadeel","Friesland",517,53.1966063,5.6449476,"Adres + Postbus",NA
4113,9036,"Menaam","Menaldum","Menaldumadeel","Friesland",518,53.2179186,5.6618266,"Adres",NA
4114,9037,"Slappeterp","","Menaldumadeel","Friesland",518,53.2130255,5.6218291,"Adres",NA
4115,9038,"Ingelum","Engelum","Menaldumadeel","Friesland",58,53.2248968,5.7134824,"Adres",NA
4116,9040,"Berltsum","Berlikum Fr;Berlikum","Menaldumadeel","Friesland",518,53.1800259,5.5477143,"Postbus",NA
4117,9041,"Berltsum","Berlikum Fr;Berlikum","Menaldumadeel","Friesland",518,53.2445169,5.6533376,"Adres",NA
4118,9043,"Wier","","Menaldumadeel","Friesland",518,53.2512191,5.6237296,"Adres",NA
4119,9044,"Bitgum","Beetgum","Menaldumadeel","Friesland",58,53.2370427,5.6884188,"Adres",NA
4120,9045,"Bitgummole","Beetgumermolen","Menaldumadeel","Friesland",58,53.2351562,5.7075843,"Adres",NA
4121,9047,"Minnertsga","","het Bildt","Friesland",518,53.2509346,5.5980342,"Adres",NA
4122,9050,"Stiens","","Leeuwarderadeel","Friesland",58,53.266452,5.745992,"Postbus",NA
4123,9051,"Stiens","","Leeuwarderadeel","Friesland",58,53.2643997,5.752343,"Adres",NA
4124,9053,"Feinsum","Finkum","Leeuwarderadeel","Friesland",58,53.2782673,5.7549925,"Adres",NA
4125,9054,"Hijum","","Leeuwarderadeel","Friesland",518,53.2905323,5.7665838,"Adres",NA
4126,9055,"Britsum","","Leeuwarderadeel","Friesland",58,53.2531453,5.7855529,"Adres",NA
4127,9056,"Koarnjum","Cornjum","Leeuwarderadeel","Friesland",58,53.2437894,5.7807181,"Adres",NA
4128,9057,"Jelsum","","Leeuwarderadeel","Friesland",58,53.2346703,5.7830762,"Adres",NA
4129,9061,"Gytsjerk","GIEKERK","Tytsjerksteradiel","Friesland",58,53.2410241,5.8907254,"Adres",NA
4130,9062,"Oentsjerk","OENKERK","Tytsjerksteradiel","Friesland",58,53.2533813,5.8987505,"Adres + Postbus",NA
4131,9063,"Mûnein","Molenend;Munein","Tytsjerksteradiel","Friesland",58,53.25164,5.91874,"Adres",NA
4132,9064,"Aldtsjerk","Oudkerk","Tytsjerksteradiel","Friesland",58,53.2643034,5.8891236,"Adres",NA
4133,9067,"Readtsjerk","Roodkerk","Dantumadiel","Friesland",58,53.2600828,5.9218173,"Adres",NA
4134,9071,"Alde Leie","OUDE LEYE;Oude Leije","Leeuwarderadeel","Friesland",518,53.2880323,5.7349336,"Adres",NA
4135,9072,"Alde Leie","OUDE LEYE;Oude Leije","Leeuwarderadeel","Friesland",518,53.2927064,5.7677418,"Adres",NA
4136,9073,"Marrum","","Ferwerderadiel","Friesland",518,53.322673,5.8018778,"Adres + Postbus",NA
4137,9074,"Hallum","","Ferwerderadiel","Friesland",518,53.3051209,5.784383,"Adres + Postbus",NA
4138,9075,"Westhoek","","het Bildt","Friesland",518,53.2760097,5.5607068,"Adres",NA
4139,9076,"Sint Annaparochie","ST ANNAPAROCHIE","het Bildt","Friesland",518,53.2764463,5.6570979,"Adres + Postbus",NA
4140,9077,"Vrouwenparochie","","het Bildt","Friesland",518,53.2800146,5.7030451,"Adres",NA
4141,9078,"Oude Bildtzijl","OUDE BILDTZYL","het Bildt","Friesland",518,53.3136219,5.708998,"Adres",NA
4142,9079,"Sint Jacobiparochie","ST JACOBIPAROCHIE","het Bildt","Friesland",518,53.2728486,5.6087388,"Adres",NA
4143,9081,"Lekkum","","Leeuwarden","Friesland",58,53.2256277,5.8203814,"Adres",NA
4144,9082,"Miedum","","Leeuwarden","Friesland",58,53.2354527,5.8388712,"Adres",NA
4145,9083,"Snakkerburen","","Leeuwarden","Friesland",58,53.220113,5.8096366,"Adres",NA
4146,9084,"Goutum","","Leeuwarden","Friesland",58,53.17842,5.8069262,"Adres",NA
4147,9085,"Teerns","","Leeuwarden","Friesland",58,53.1808429,5.8342596,"Adres",NA
4148,9086,"Hempens","","Leeuwarden","Friesland",58,53.178766,5.8378606,"Adres",NA
4149,9087,"Swichum","","Leeuwarden","Friesland",58,53.1539551,5.8186478,"Adres",NA
4150,9088,"Wirdum","","Leeuwarden","Friesland",58,53.1500314,5.8050965,"Adres",NA
4151,9089,"Wytgaard","","Leeuwarden","Friesland",58,53.140833,5.783889,"Adres",NA
4152,9091,"Wyns","","Tytsjerksteradiel","Friesland",58,53.2514265,5.8323263,"Adres",NA
4153,9100,"Dokkum","","Dongeradeel","Friesland",519,53.3109748,5.9948827,"Postbus",NA
4154,9101,"Dokkum","","Dongeradeel","Friesland",519,53.3236546,6.0005254,"Adres",NA
4155,9102,"Dokkum","","Dongeradeel","Friesland",519,53.3334601,5.9939349,"Adres",NA
4156,9103,"Dokkum","","Dongeradeel","Friesland",519,53.3132949,5.9912638,"Adres",NA
4157,9104,"Damwâld","Damwoude","Dantumadiel","Friesland",511,53.283333,6,"Adres + Postbus",NA
4158,9105,"Rinsumageast","Rinsumageest","Dantumadiel","Friesland",511,53.2973163,5.9498906,"Adres",NA
4159,9106,"Sibrandahûs","SYBRANDAHUIS;Sijbrandahuis","Dantumadiel","Friesland",519,53.316667,5.966667,"Adres",NA
4160,9107,"Jannum","JANUM","Ferwerderadiel","Friesland",519,53.3124887,5.9027227,"Adres",NA
4161,9108,"Broeksterwâld","Broeksterwoude","Dantumadiel","Friesland",511,53.266667,6,"Adres",NA
4162,9109,"De Falom","De Valom","Dantumadiel","Friesland",511,53.2634435,6.0077314,"Adres",NA
4163,9111,"Burdaard","BIRDAARD","Ferwerderadiel","Friesland",519,53.2977219,5.8692403,"Adres",NA
4164,9112,"Burdaard","BIRDAARD","Ferwerderadiel","Friesland",519,53.2913473,5.8887818,"Adres",NA
4165,9113,"Wâlterswâld","Wouterswoude","Dantumadiel","Friesland",511,53.3,6.033333,"Adres",NA
4166,9114,"Driezum","Driesum","Dantumadiel","Friesland",511,53.2968837,6.045633,"Adres",NA
4167,9121,"Aalsum","AALZUM","Dongeradeel","Friesland",519,53.3378209,6.0033683,"Adres",NA
4168,9122,"Wetsens","WETZENS","Dongeradeel","Friesland",519,53.3474779,6.0332484,"Adres",NA
4169,9123,"Metslawier","","Dongeradeel","Friesland",519,53.3606625,6.0665857,"Adres",NA
4170,9124,"Jouswier","","Dongeradeel","Friesland",519,53.3499847,6.073475,"Adres",NA
4171,9125,"Oostrum","","Dongeradeel","Friesland",519,53.3316767,6.0616104,"Adres",NA
4172,9131,"Ee","","Dongeradeel","Friesland",519,53.3304259,6.1008417,"Adres",NA
4173,9132,"Engwierum","","Dongeradeel","Friesland",511,53.3199914,6.1366541,"Adres",NA
4174,9133,"Anjum","","Dongeradeel","Friesland",519,53.3743702,6.1266778,"Adres + Postbus",NA
4175,9134,"Lioessens","","Dongeradeel","Friesland",519,53.3805168,6.0890796,"Adres",NA
4176,9135,"Morra","","Dongeradeel","Friesland",519,53.3719241,6.0879929,"Adres",NA
4177,9136,"Paesens","","Dongeradeel","Friesland",519,53.4015212,6.0849873,"Adres",NA
4178,9137,"Oosternijkerk","OOSTERNYKERK","Dongeradeel","Friesland",519,53.3791579,6.0535304,"Adres",NA
4179,9138,"Niawier","","Dongeradeel","Friesland",519,53.3636696,6.0477812,"Adres",NA
4180,9141,"Wierum","","Dongeradeel","Friesland",519,53.4013718,6.0159007,"Adres",NA
4181,9142,"Moddergat","","Dongeradeel","Friesland",519,53.4030752,6.0819604,"Adres",NA
4182,9143,"Nes","","Dongeradeel","Friesland",566,53.396617,6.0480619,"Adres",NA
4183,9144,"Hantumhuizen","","Dongeradeel","Friesland",519,53.3723979,5.9977785,"Adres",NA
4184,9145,"Ternaard","","Dongeradeel","Friesland",519,53.3807711,5.965258,"Adres",NA
4185,9146,"Hantumeruitburen","","Dongeradeel","Friesland",519,53.3599912,6.0026793,"Adres",NA
4186,9147,"Hantum","","Dongeradeel","Friesland",519,53.3625326,5.9649229,"Adres",NA
4187,9148,"Hiaure","","Dongeradeel","Friesland",519,53.3472454,5.9730214,"Adres",NA
4188,9151,"Holwerd","","Dongeradeel","Friesland",519,53.3683775,5.9005378,"Adres",NA
4189,9152,"Waaxens","","Dongeradeel","Friesland",519,53.3563815,5.9213459,"Adres",NA
4190,9153,"Brantgum","","Dongeradeel","Friesland",519,53.3521088,5.9301891,"Adres",NA
4191,9154,"Foudgum","","Dongeradeel","Friesland",519,53.3451929,5.9416273,"Adres",NA
4192,9155,"Raard","","Dongeradeel","Friesland",519,53.3255822,5.9445867,"Adres",NA
4193,9156,"Bornwird","","Dongeradeel","Friesland",519,53.3340004,5.9544077,"Adres",NA
4194,9160,"Hollum","","Ameland","Friesland",519,53.4410245,5.6359584,"Postbus",NA
4195,9161,"Hollum","","Ameland","Friesland",519,53.4393987,5.639648,"Adres",NA
4196,9162,"Ballum","","Ameland","Friesland",519,53.4440723,5.6860721,"Adres",NA
4197,9163,"Nes","NES AMELAND","Ameland","Friesland",519,53.4463849,5.7761027,"Adres + Postbus",NA
4198,9164,"Buren","","Ameland","Friesland",519,53.4474957,5.7998015,"Adres",NA
4199,9166,"Schiermonnikoog","","Schiermonnikoog","Friesland",519,53.4785962,6.1560311,"Adres + Postbus",NA
4200,9171,"Blije","Blija","Ferwerderadiel","Friesland",519,53.3523013,5.8615714,"Adres",NA
4201,9172,"Ferwert","FERWERD","Ferwerderadiel","Friesland",518,53.3377628,5.824424,"Adres + Postbus",NA
4202,9173,"Hegebeintum","HOGEBEINTUM","Ferwerderadiel","Friesland",518,53.3368943,5.8503137,"Adres",NA
4203,9174,"Ginnum","GENUM","Ferwerderadiel","Friesland",519,53.3225979,5.8745555,"Adres",NA
4204,9175,"Reitsum","","Ferwerderadiel","Friesland",519,53.3210197,5.8912098,"Adres",NA
4205,9176,"Lichtaard","","Ferwerderadiel","Friesland",519,53.3258678,5.9131033,"Adres",NA
4206,9177,"Jislum","","Ferwerderadiel","Friesland",519,53.3124833,5.878267,"Adres",NA
4207,9178,"Wânswert","WANSWERD","Ferwerderadiel","Friesland",519,53.3,5.85,"Adres",NA
4208,9200,"Drachten","","Smallingerland","Friesland",512,53.119202,6.1297,"Postbus",NA
4209,9201,"Drachten","","Smallingerland","Friesland",512,53.1135028,6.0935752,"Adres",NA
4210,9202,"Drachten","","Smallingerland","Friesland",512,53.1067525,6.1198953,"Adres",NA
4211,9203,"Drachten","","Smallingerland","Friesland",512,53.0999836,6.0940459,"Adres",NA
4212,9204,"Drachten","","Smallingerland","Friesland",512,53.0985458,6.0694,"Adres",NA
4213,9205,"Drachten","","Smallingerland","Friesland",512,53.0894696,6.0621808,"Adres",NA
4214,9206,"Drachten","","Smallingerland","Friesland",512,53.1120647,6.0689186,"Adres",NA
4215,9207,"Drachten","","Smallingerland","Friesland",512,53.1241789,6.0959499,"Adres",NA
4216,9211,"Kortehemmen","","Smallingerland","Friesland",512,53.0837231,6.0683656,"Adres",NA
4217,9212,"Boornbergum","","Smallingerland","Friesland",512,53.0824994,6.0439752,"Adres",NA
4218,9213,"De Wilgen","","Smallingerland","Friesland",512,53.0995009,6.034125,"Adres",NA
4219,9214,"Smalle Ee","","Smallingerland","Friesland",512,53.1036621,6.0183321,"Adres",NA
4220,9215,"De Veenhoop","","Smallingerland","Friesland",512,53.0980115,5.9500655,"Adres",NA
4221,9216,"Oudega","Oudega (Smallingerland);Aldegea","Smallingerland","Friesland",512,53.1255486,5.9969873,"Adres + Postbus",NA
4222,9217,"Nijega","NYEGA","Smallingerland","Friesland",512,53.1406092,6.0262654,"Adres",NA
4223,9218,"Opeinde","","Smallingerland","Friesland",512,53.1347884,6.0555258,"Adres",NA
4224,9219,"De Tike","","Smallingerland","Friesland",512,53.149723,6.0375953,"Adres",NA
4225,9221,"Rottevalle","","Smallingerland","Friesland",512,53.1460571,6.1052008,"Adres",NA
4226,9222,"Drachtstercompagnie","DRACHTSTERCOMPAGN","Smallingerland","Friesland",512,53.1340722,6.1399365,"Adres",NA
4227,9223,"Houtigehage","","Smallingerland","Friesland",512,53.1532187,6.143244,"Adres",NA
4228,9230,"Surhuisterveen","","Achtkarspelen","Friesland",512,53.1827153,6.1666215,"Postbus",NA
4229,9231,"Surhuisterveen","","Achtkarspelen","Friesland",512,53.1872937,6.1643051,"Adres",NA
4230,9233,"Boelenslaan","","Achtkarspelen","Friesland",512,53.1615492,6.1460059,"Adres + Postbus",NA
4231,9240,"Wijnjewoude","WYNJEWOUDE","Opsterland","Friesland",516,53.0386219,6.2175855,"Postbus",NA
4232,9241,"Wijnjewoude","WYNJEWOUDE","Opsterland","Friesland",516,53.0567668,6.2026623,"Adres",NA
4233,9243,"Bakkeveen","","Opsterland","Friesland",516,53.079226,6.2583855,"Adres + Postbus",NA
4234,9244,"Beetsterzwaag","","Opsterland","Friesland",512,53.0594184,6.0782764,"Adres + Postbus",NA
4235,9245,"Nij Beets","NY BEETS","Opsterland","Friesland",512,53.0702908,6.0032155,"Adres",NA
4236,9246,"Olterterp","","Opsterland","Friesland",512,53.0665481,6.1006335,"Adres",NA
4237,9247,"Ureterp","","Opsterland","Friesland",512,53.0956086,6.1684547,"Adres + Postbus",NA
4238,9248,"Siegerswoude","","Opsterland","Friesland",512,53.0926189,6.2174536,"Adres",NA
4239,9249,"Frieschepalen","","Opsterland","Friesland",512,53.1096648,6.2058479,"Adres",NA
4240,9250,"Burgum","BERGUM","Tytsjerksteradiel","Friesland",511,53.20378,6.00045,"Postbus",NA
4241,9251,"Burgum","BERGUM","Tytsjerksteradiel","Friesland",511,53.1936901,5.9913642,"Adres",NA
4242,9254,"Hurdegaryp","HARDEGARYP","Tytsjerksteradiel","Friesland",511,53.21487,5.941003,"Adres + Postbus",NA
4243,9255,"Tytsjerk","TIETJERK","Tytsjerksteradiel","Friesland",511,53.2143699,5.9117022,"Adres",NA
4244,9256,"Ryptsjerk","","Tytsjerksteradiel","Friesland",511,53.2244179,5.9159708,"Adres",NA
4245,9257,"Noardburgum","NOORDBERGUM","Tytsjerksteradiel","Friesland",511,53.2252228,6.0034093,"Adres",NA
4246,9258,"Jistrum","","Tytsjerksteradiel","Friesland",512,53.2120483,6.0668986,"Adres",NA
4247,9260,"Eastermar","Oostermeer","Tytsjerksteradiel","Friesland",512,53.174894,6.059576,"Postbus",NA
4248,9261,"Eastermar","Oostermeer","Tytsjerksteradiel","Friesland",512,53.1768959,6.0572678,"Adres",NA
4249,9262,"Sumar","","Tytsjerksteradiel","Friesland",511,53.1776214,6.0024829,"Adres",NA
4250,9263,"Garyp","","Tytsjerksteradiel","Friesland",511,53.1673127,5.9703906,"Adres",NA
4251,9264,"Earnewâld","Eernewoude","Tytsjerksteradiel","Friesland",511,53.13121,5.94211,"Adres",NA
4252,9265,"Suwâld","Suwald;Suawoude","Tytsjerksteradiel","Friesland",511,53.18065,5.9228,"Adres",NA
4253,9269,"Feanwâlden","Veenwouden","Dantumadiel","Friesland",511,53.233333,6,"Adres + Postbus",NA
4254,9270,"De Westereen","Zwaagwesteinde","Dantumadiel","Friesland",511,53.2538563,6.0388937,"Postbus",NA
4255,9271,"De Westereen","Zwaagwesteinde","Dantumadiel","Friesland",511,53.255278,6.035556,"Adres",NA
4256,9280,"Harkema","","Achtkarspelen","Friesland",512,53.1896377,6.1321923,"Postbus",NA
4257,9281,"Harkema","","Achtkarspelen","Friesland",512,53.1848919,6.1379033,"Adres",NA
4258,9283,"Surhuizum","","Achtkarspelen","Friesland",512,53.2048729,6.1790038,"Adres",NA
4259,9284,"Augustinusga","","Achtkarspelen","Friesland",512,53.2182273,6.1608938,"Adres",NA
4260,9285,"Buitenpost","","Achtkarspelen","Friesland",511,53.2524947,6.1503754,"Adres + Postbus",NA
4261,9286,"Twijzel","TWYZEL","Achtkarspelen","Friesland",511,53.233302,6.0906307,"Adres",NA
4262,9287,"Twijzelerheide","TWYZELERHEIDE","Achtkarspelen","Friesland",511,53.2409366,6.0436067,"Adres",NA
4263,9288,"Kootstertille","","Achtkarspelen","Friesland",512,53.2118299,6.0922821,"Adres + Postbus",NA
4264,9289,"Drogeham","","Achtkarspelen","Friesland",512,53.201959,6.1111271,"Adres + Postbus",NA
4265,9290,"Kollum","","Kollumerland en Nieuwkruisland","Friesland",511,53.27954,6.151259,"Postbus",NA
4266,9291,"Kollum","","Kollumerland en Nieuwkruisland","Friesland",511,53.2801424,6.1477459,"Adres",NA
4267,9292,"Augsbuurt","","Kollumerland en Nieuwkruisland","Friesland",511,53.266667,6.163889,"Adres",NA
4268,9293,"Kollumerpomp","","Kollumerland en Nieuwkruisland","Friesland",511,53.3040887,6.1902579,"Adres",NA
4269,9294,"Oudwoude","","Kollumerland en Nieuwkruisland","Friesland",511,53.2833333,6.1166667,"Adres",NA
4270,9295,"Westergeest","","Kollumerland en Nieuwkruisland","Friesland",511,53.2908134,6.0847402,"Adres",NA
4271,9296,"Triemen","","Kollumerland en Nieuwkruisland","Friesland",511,53.2745312,6.0939959,"Adres",NA
4272,9297,"Veenklooster","","Kollumerland en Nieuwkruisland","Friesland",511,53.2633242,6.1034188,"Adres",NA
4273,9298,"Kollumerzwaag","","Kollumerland en Nieuwkruisland","Friesland",511,53.2624507,6.0760993,"Adres + Postbus",NA
4274,9299,"Zwagerbosch","","Kollumerland en Nieuwkruisland","Friesland",511,53.246504,6.0467823,"Adres",NA
4275,9300,"Roden","","Noordenveld","Drenthe",50,53.1458376,6.4557934,"Postbus",NA
4276,9301,"Roden","","Noordenveld","Drenthe",50,53.1358984,6.4371719,"Adres",NA
4277,9302,"Roden","","Noordenveld","Drenthe",50,53.1338568,6.3999433,"Adres",NA
4278,9304,"Lieveren","","Noordenveld","Drenthe",50,53.1152374,6.4535439,"Adres",NA
4279,9305,"Roderesch","","Noordenveld","Drenthe",50,53.1159237,6.4255404,"Adres",NA
4280,9306,"Alteveer","","Noordenveld","Drenthe",50,53.1111584,6.4330578,"Adres",NA
4281,9307,"Steenbergen","","Noordenveld","Drenthe",592,53.099072,6.4080118,"Adres",NA
4282,9311,"Nieuw-Roden","NIEUW RODEN","Noordenveld","Drenthe",50,53.1282095,6.3793879,"Adres",NA
4283,9312,"Nietap","","Noordenveld","Drenthe",594,53.1587848,6.4008223,"Adres",NA
4284,9313,"Leutingewolde","","Noordenveld","Drenthe",50,53.1571216,6.4302357,"Adres",NA
4285,9314,"Foxwolde","","Noordenveld","Drenthe",50,53.1522318,6.450822,"Adres",NA
4286,9315,"Roderwolde","","Noordenveld","Drenthe",50,53.1685593,6.469976,"Adres",NA
4287,9320,"Peize","","Noordenveld","Drenthe",50,53.1455424,6.5021714,"Postbus",NA
4288,9321,"Peize","","Noordenveld","Drenthe",50,53.1476207,6.4955655,"Adres",NA
4289,9330,"Norg","","Noordenveld","Drenthe",592,53.0655812,6.4610648,"Postbus",NA
4290,9331,"Norg","","Noordenveld","Drenthe",592,53.0654251,6.4615554,"Adres",NA
4291,9333,"Langelo","","Noordenveld","Drenthe",592,53.0931346,6.4449841,"Adres",NA
4292,9334,"Peest","","Noordenveld","Drenthe",592,53.0601919,6.5011951,"Adres",NA
4293,9335,"Zuidvelde","","Noordenveld","Drenthe",592,53.0448902,6.4577808,"Adres",NA
4294,9336,"Huis ter Heide","","Noordenveld","Drenthe",592,53.0132858,6.4851925,"Adres",NA
4295,9337,"Westervelde","","Noordenveld","Drenthe",592,53.0541077,6.4437503,"Adres",NA
4296,9341,"Veenhuizen","","Noordenveld","Drenthe",592,53.0306682,6.3939878,"Adres",NA
4297,9342,"Een","","Noordenveld","Drenthe",592,53.0744772,6.393004,"Adres",NA
4298,9343,"Een West","","Noordenveld","Drenthe",516,53.0844152,6.3392795,"Adres",NA
4299,9350,"Leek","","Leek","Groningen",594,53.2137535,6.5711367,"Postbus",NA
4300,9351,"Leek","","Leek","Groningen",594,53.1616114,6.3906165,"Adres",NA
4301,9354,"Zevenhuizen","","Leek","Groningen",594,53.1264573,6.3455661,"Adres",NA
4302,9355,"Midwolde","","Leek","Groningen",594,53.1804874,6.392191,"Adres",NA
4303,9356,"Tolbert","","Leek","Groningen",594,53.1714774,6.3590951,"Adres + Postbus",NA
4304,9359,"Boerakker","","Marum","Groningen",594,53.1991307,6.3416175,"Adres",NA
4305,9361,"Boerakker","","Marum","Groningen",594,53.1859649,6.3350671,"Adres",NA
4306,9362,"Boerakker","","Marum","Groningen",594,53.1827877,6.3185826,"Adres",NA
4307,9363,"Marum","","Marum","Groningen",594,53.1462522,6.2673259,"Adres + Postbus",NA
4308,9364,"Nuis","","Marum","Groningen",594,53.1513902,6.3023941,"Adres",NA
4309,9365,"Niebert","","Marum","Groningen",594,53.157657,6.3206015,"Adres + Postbus",NA
4310,9366,"Jonkersvaart","","Marum","Groningen",594,53.128863,6.2998715,"Adres",NA
4311,9367,"De Wilp","","Marum","Groningen",594,53.1174045,6.2527896,"Adres + Postbus",NA
4312,9400,"Assen","","Assen","Drenthe",592,52.98296,6.56833,"Postbus",NA
4313,9401,"Assen","","Assen","Drenthe",592,52.9862011,6.5590148,"Adres",NA
4314,9402,"Assen","","Assen","Drenthe",592,53.0021686,6.5628355,"Adres",NA
4315,9403,"Assen","","Assen","Drenthe",592,53.0088157,6.5888942,"Adres",NA
4316,9404,"Assen","","Assen","Drenthe",592,52.9768834,6.5812251,"Adres",NA
4317,9405,"Assen","","Assen","Drenthe",592,52.9635848,6.5291919,"Adres",NA
4318,9406,"Assen","","Assen","Drenthe",592,53.0036904,6.5352553,"Adres",NA
4319,9407,"Assen","","Assen","Drenthe",592,53.0185209,6.5597601,"Adres",NA
4320,9408,"Assen","","Assen","Drenthe",592,52.9998813,6.5064207,"Adres",NA
4321,9409,"Loon","","Assen","Drenthe",592,53.0128714,6.6119947,"Adres",NA
4322,9410,"Beilen","","Midden-Drenthe","Drenthe",593,52.8576935,6.497991,"Postbus",NA
4323,9411,"Beilen","","Midden-Drenthe","Drenthe",593,52.8629348,6.4983409,"Adres + Postbus",NA
4324,9412,"Beilen","","Midden-Drenthe","Drenthe",593,52.8711982,6.5194128,"Adres",NA
4325,9413,"Beilen","","Midden-Drenthe","Drenthe",593,52.8476653,6.5068817,"Adres",NA
4326,9414,"Hooghalen","","Midden-Drenthe","Drenthe",593,52.9210493,6.5398545,"Adres",NA
4327,9415,"Hijken","HYKEN","Midden-Drenthe","Drenthe",593,52.8954729,6.4980439,"Adres",NA
4328,9416,"Oranje","","Midden-Drenthe","Drenthe",592,52.9072505,6.4451127,"Adres",NA
4329,9417,"Spier","","Midden-Drenthe","Drenthe",593,52.8201732,6.469235,"Adres",NA
4330,9418,"Wijster","WYSTER","Midden-Drenthe","Drenthe",593,52.8157994,6.5144886,"Adres",NA
4331,9419,"Drijber","DRYBER","Midden-Drenthe","Drenthe",593,52.7918146,6.5386597,"Adres",NA
4332,9420,"Bovensmilde","","Midden-Drenthe","Drenthe",592,52.699443,6.1893769,"Postbus",NA
4333,9421,"Bovensmilde","","Midden-Drenthe","Drenthe",592,52.9778674,6.4783777,"Adres",NA
4334,9422,"Smilde","","Midden-Drenthe","Drenthe",592,52.9491879,6.4466811,"Adres + Postbus",NA
4335,9423,"Hoogersmilde","","Midden-Drenthe","Drenthe",592,52.9072524,6.3982293,"Adres",NA
4336,9430,"Westerbork","","Midden-Drenthe","Drenthe",593,52.830682,6.6043242,"Postbus",NA
4337,9431,"Westerbork","","Midden-Drenthe","Drenthe",593,52.8509512,6.6057445,"Adres",NA
4338,9432,"Zuidveld","","Midden-Drenthe","Drenthe",593,52.8661056,6.6358873,"Adres",NA
4339,9433,"Zwiggelte","","Midden-Drenthe","Drenthe",593,52.8731378,6.587324,"Adres",NA
4340,9434,"Eursinge","","Midden-Drenthe","Drenthe",593,52.8372288,6.6069745,"Adres",NA
4341,9435,"Bruntinge","","Midden-Drenthe","Drenthe",593,52.8173201,6.5825587,"Adres",NA
4342,9436,"Mantinge","","Midden-Drenthe","Drenthe",593,52.8033399,6.613972,"Adres",NA
4343,9437,"Balinge","","Midden-Drenthe","Drenthe",593,52.8110432,6.6294951,"Adres",NA
4344,9438,"Garminge","","Midden-Drenthe","Drenthe",593,52.8196509,6.6236719,"Adres",NA
4345,9439,"Witteveen","","Midden-Drenthe","Drenthe",593,52.8135919,6.66051,"Adres",NA
4346,9441,"Orvelte","","Midden-Drenthe","Drenthe",593,52.8438688,6.6598629,"Adres",NA
4347,9442,"Elp","","Midden-Drenthe","Drenthe",593,52.8813809,6.6456093,"Adres",NA
4348,9443,"Schoonloo","","Aa en Hunze","Drenthe",592,52.9055688,6.7003997,"Adres",NA
4349,9444,"Grolloo","","Aa en Hunze","Drenthe",592,52.9347299,6.6725846,"Adres",NA
4350,9445,"Vredenheim","","Aa en Hunze","Drenthe",592,52.9470985,6.6561129,"Adres",NA
4351,9446,"Amen","","Aa en Hunze","Drenthe",592,52.942347,6.6122589,"Adres",NA
4352,9447,"Papenvoort","","Aa en Hunze","Drenthe",592,52.952215,6.7026832,"Adres",NA
4353,9448,"Marwijksoord","MARWYKSOORD","Aa en Hunze","Drenthe",592,52.9630792,6.6596679,"Adres",NA
4354,9449,"Nooitgedacht","","Aa en Hunze","Drenthe",592,52.9680301,6.6648143,"Adres",NA
4355,9451,"Rolde","","Aa en Hunze","Drenthe",592,52.9871552,6.6469982,"Adres",NA
4356,9452,"Nijlande","NYLANDE","Aa en Hunze","Drenthe",592,52.9739045,6.6267244,"Adres",NA
4357,9453,"Eldersloo","","Aa en Hunze","Drenthe",592,52.9650281,6.6177493,"Adres",NA
4358,9454,"Ekehaar","","Aa en Hunze","Drenthe",592,52.9530557,6.6027332,"Adres",NA
4359,9455,"Geelbroek","","Aa en Hunze","Drenthe",592,52.9504715,6.572175,"Onbekend",NA
4360,9456,"Eleveld","","Aa en Hunze","Drenthe",592,52.9576059,6.5822239,"Adres",NA
4361,9457,"Deurze","","Aa en Hunze","Drenthe",592,52.9845549,6.6092025,"Adres",NA
4362,9458,"Balloo","","Aa en Hunze","Drenthe",592,52.9960925,6.6311548,"Adres",NA
4363,9459,"Balloërveld","BALLOERVELD","Aa en Hunze","Drenthe",592,53.02385,6.63893,"Adres",NA
4364,9460,"Gieten","","Aa en Hunze","Drenthe",592,53.0017276,6.750652,"Postbus",NA
4365,9461,"Gieten","","Aa en Hunze","Drenthe",592,53.0052661,6.7634062,"Adres",NA
4366,9462,"Gasselte","","Aa en Hunze","Drenthe",599,52.9712794,6.7878789,"Adres",NA
4367,9463,"Eext","","Aa en Hunze","Drenthe",592,53.0177945,6.7357844,"Adres",NA
4368,9464,"Eexterzandvoort","","Aa en Hunze","Drenthe",598,53.0324155,6.7867326,"Adres",NA
4369,9465,"Anderen","","Aa en Hunze","Drenthe",592,53.001206,6.6852742,"Adres",NA
4370,9466,"Gasteren","","Aa en Hunze","Drenthe",592,53.0359552,6.6630831,"Adres",NA
4371,9467,"Anloo","","Aa en Hunze","Drenthe",592,53.0430181,6.6980796,"Adres",NA
4372,9468,"Annen","","Aa en Hunze","Drenthe",592,53.0589104,6.7213678,"Adres + Postbus",NA
4373,9469,"Schipborg","","Aa en Hunze","Drenthe",50,53.0720429,6.6685006,"Adres",NA
4374,9470,"Zuidlaren","","Tynaarlo","Drenthe",50,53.092624,6.6845473,"Adres + Postbus",NA
4375,9471,"Zuidlaren","","Tynaarlo","Drenthe",50,53.0901608,6.678657,"Adres",NA
4376,9472,"Zuidlaren","","Tynaarlo","Drenthe",50,53.0779455,6.7037605,"Adres",NA
4377,9473,"De Groeve","","Tynaarlo","Drenthe",50,53.1110383,6.7113367,"Adres",NA
4378,9474,"Zuidlaarderveen","","Tynaarlo","Drenthe",598,53.1044897,6.7495445,"Adres",NA
4379,9475,"Midlaren","","Tynaarlo","Drenthe",50,53.1096514,6.6778555,"Adres",NA
4380,9479,"Noordlaren","","Haren","Groningen",50,53.1209975,6.6655157,"Adres",NA
4381,9480,"Vries","","Tynaarlo","Drenthe",592,53.0798822,6.6021718,"Postbus",NA
4382,9481,"Vries","","Tynaarlo","Drenthe",592,53.0766948,6.5783227,"Adres",NA
4383,9482,"Tynaarlo","","Tynaarlo","Drenthe",592,53.0784318,6.6145455,"Adres",NA
4384,9483,"Zeegse","","Tynaarlo","Drenthe",592,53.0687007,6.6455437,"Adres",NA
4385,9484,"Oudemolen","","Tynaarlo","Drenthe",592,53.0494384,6.6390053,"Adres",NA
4386,9485,"Taarlo","","Tynaarlo","Drenthe",592,53.0331236,6.6250169,"Adres",NA
4387,9486,"Rhee","","Assen","Drenthe",592,53.0326451,6.5661433,"Adres",NA
4388,9487,"Ter Aard","","Assen","Drenthe",592,53.0285059,6.549913,"Adres",NA
4389,9488,"Zeijerveld","Zeyerveld","Assen","Drenthe",592,53.0358294,6.5227203,"Adres",NA
4390,9489,"Zeijerveen","Zeyerveen","Assen","Drenthe",592,53.0154757,6.5171068,"Adres",NA
4391,9491,"Zeijen","ZEYEN","Tynaarlo","Drenthe",592,53.0473498,6.5465287,"Adres",NA
4392,9492,"Ubbena","","Assen","Drenthe",592,53.0450071,6.5729058,"Adres",NA
4393,9493,"De Punt","","Tynaarlo","Drenthe",50,53.1169407,6.6039099,"Adres",NA
4394,9494,"Yde","","Tynaarlo","Drenthe",50,53.1138301,6.5906939,"Adres",NA
4395,9495,"Winde","","Tynaarlo","Drenthe",50,53.1268765,6.527232,"Adres",NA
4396,9496,"Bunne","","Tynaarlo","Drenthe",50,53.1177942,6.5337887,"Adres",NA
4397,9497,"Donderen","","Tynaarlo","Drenthe",592,53.0956393,6.5462217,"Adres",NA
4398,9500,"Stadskanaal","","Stadskanaal","Groningen",599,52.9890052,6.9529762,"Postbus",NA
4399,9501,"Stadskanaal","","Stadskanaal","Groningen",599,53.0103847,6.9399765,"Adres",NA
4400,9502,"Stadskanaal","","Stadskanaal","Groningen",599,52.9891313,6.9803107,"Adres",NA
4401,9503,"Stadskanaal","","Stadskanaal","Groningen",599,52.9899378,6.9435889,"Adres",NA
4402,9511,"Gieterveen","","Aa en Hunze","Drenthe",599,53.0252696,6.8358863,"Adres",NA
4403,9512,"Nieuwediep","","Aa en Hunze","Drenthe",598,53.0400171,6.8605341,"Adres",NA
4404,9514,"Gasselternijveen","GASSELTERNYVEEN","Aa en Hunze","Drenthe",599,52.9863205,6.8460424,"Adres",NA
4405,9515,"Gasselternijveenschemond","GASSELTERNYV MOND","Aa en Hunze","Drenthe",599,52.9950118,6.8973968,"Adres",NA
4406,9521,"Nieuw-Buinen","NIEUW BUINEN","Borger-Odoorn","Drenthe",599,52.9546087,6.9293619,"Adres",NA
4407,9523,"Drouwenermond","","Borger-Odoorn","Drenthe",599,52.9786094,6.9059109,"Adres",NA
4408,9524,"Buinerveen","","Borger-Odoorn","Drenthe",599,52.9348639,6.8804671,"Adres",NA
4409,9525,"Drouwenerveen","","Borger-Odoorn","Drenthe",599,52.9700625,6.8499816,"Adres",NA
4410,9526,"Bronnegerveen","","Borger-Odoorn","Drenthe",599,52.9547586,6.8392262,"Adres",NA
4411,9527,"Bronneger","","Borger-Odoorn","Drenthe",599,52.9470825,6.8161901,"Adres",NA
4412,9528,"Buinen","","Borger-Odoorn","Drenthe",599,52.9318136,6.8355674,"Adres",NA
4413,9530,"Borger","","Borger-Odoorn","Drenthe",599,52.9234797,6.786168,"Postbus",NA
4414,9531,"Borger","","Borger-Odoorn","Drenthe",599,52.9296213,6.7925791,"Adres",NA
4415,9533,"Drouwen","","Borger-Odoorn","Drenthe",599,52.9509555,6.7973295,"Adres",NA
4416,9534,"Westdorp","","Borger-Odoorn","Drenthe",599,52.9046028,6.7669194,"Adres",NA
4417,9535,"Ellertshaar","","Borger-Odoorn","Drenthe",599,52.8930072,6.737203,"Adres",NA
4418,9536,"Ees","","Borger-Odoorn","Drenthe",599,52.9082324,6.8061317,"Adres",NA
4419,9537,"Eesergroen","","Borger-Odoorn","Drenthe",599,52.886185,6.7764114,"Adres",NA
4420,9540,"Vlagtwedde","","Vlagtwedde","Groningen",599,52.9469803,7.1458159,"Postbus",NA
4421,9541,"Vlagtwedde","","Vlagtwedde","Groningen",599,53.0270253,7.1107879,"Adres",NA
4422,9545,"Bourtange","","Vlagtwedde","Groningen",599,53.0066519,7.1922626,"Adres",NA
4423,9550,"Sellingen","","Vlagtwedde","Groningen",599,52.9452115,7.1485497,"Postbus",NA
4424,9551,"Sellingen","","Vlagtwedde","Groningen",599,52.9457702,7.1455913,"Adres",NA
4425,9560,"Ter Apel","","Vlagtwedde","Groningen",599,52.8740037,7.0603333,"Postbus",NA
4426,9561,"Ter Apel","","Vlagtwedde","Groningen",599,52.8771642,7.0592312,"Adres",NA
4427,9563,"Ter Apelkanaal","","Vlagtwedde","Groningen",599,52.9030766,7.0489563,"Adres",NA
4428,9564,"Zandberg","","Borger-Odoorn","Drenthe",599,52.9185419,7.025768,"Adres",NA
4429,9566,"Veelerveen","","Bellingwedde","Groningen",597,53.0566004,7.1265808,"Adres",NA
4430,9571,"Tweede Exloërmond","TWEEDE EXLOERMOND","Borger-Odoorn","Drenthe",599,52.9166667,6.9666667,"Adres",NA
4431,9573,"Eerste Exloërmond","EERSTE EXLOERMOND","Borger-Odoorn","Drenthe",599,52.95,6.9666667,"Adres",NA
4432,9574,"Exloërveen","EXLOERVEEN","Borger-Odoorn","Drenthe",599,52.9,6.9,"Adres",NA
4433,9580,"Musselkanaal","","Stadskanaal","Groningen",599,52.9297355,7.0171346,"Postbus",NA
4434,9581,"Musselkanaal","","Stadskanaal","Groningen",599,52.9268737,7.0180003,"Adres",NA
4435,9584,"Mussel","","Stadskanaal","Groningen",599,52.9567772,7.0387702,"Adres",NA
4436,9585,"Vledderveen","","Stadskanaal","Groningen",599,52.9880354,7.0073682,"Adres",NA
4437,9591,"Onstwedde","","Stadskanaal","Groningen",599,53.0329259,7.0404253,"Adres",NA
4438,9600,"Hoogezand","","Hoogezand-Sappemeer","Groningen",598,53.1624164,6.7548238,"Postbus",NA
4439,9601,"Hoogezand","","Hoogezand-Sappemeer","Groningen",598,53.1645046,6.7496495,"Adres",NA
4440,9602,"Hoogezand","","Hoogezand-Sappemeer","Groningen",598,53.1542353,6.7400728,"Adres",NA
4441,9603,"Hoogezand","","Hoogezand-Sappemeer","Groningen",598,53.130147,6.7834293,"Adres",NA
4442,9605,"Kiel-Windeweer","KIEL WINDEWEER","Hoogezand-Sappemeer","Groningen",598,53.1159218,6.7769511,"Adres",NA
4443,9606,"Kropswolde","","Hoogezand-Sappemeer","Groningen",598,53.1435452,6.7257669,"Adres",NA
4444,9607,"Foxhol","","Hoogezand-Sappemeer","Groningen",598,53.1687067,6.7186336,"Adres",NA
4445,9608,"Westerbroek","","Hoogezand-Sappemeer","Groningen",50,53.1841159,6.6867075,"Adres",NA
4446,9609,"Waterhuizen","","Hoogezand-Sappemeer","Groningen",50,53.1865585,6.6518275,"Adres",NA
4447,9610,"Sappemeer","","Hoogezand-Sappemeer","Groningen",598,53.1642721,6.787454,"Postbus",NA
4448,9611,"Sappemeer","","Hoogezand-Sappemeer","Groningen",598,53.1648257,6.7940614,"Adres",NA
4449,9615,"Kolham","","Slochteren","Groningen",598,53.1822731,6.7446024,"Adres",NA
4450,9616,"Scharmer","","Slochteren","Groningen",50,53.2045019,6.7063246,"Adres",NA
4451,9617,"Harkstede","","Slochteren","Groningen",50,53.2138533,6.7004451,"Adres + Postbus",NA
4452,9618,"Woudbloem","","Slochteren","Groningen",598,53.2171156,6.7381356,"Adres",NA
4453,9619,"Froombosch","","Slochteren","Groningen",598,53.1940672,6.7802855,"Adres",NA
4454,9620,"Slochteren","","Slochteren","Groningen",598,53.2193699,6.8070873,"Postbus",NA
4455,9621,"Slochteren","","Slochteren","Groningen",598,53.2122779,6.801653,"Adres",NA
4456,9623,"Lageland","","Slochteren","Groningen",598,53.2410519,6.6873459,"Adres",NA
4457,9624,"Luddeweer","","Slochteren","Groningen",50,53.252436,6.7402444,"Adres",NA
4458,9625,"Overschild","","Slochteren","Groningen",596,53.2821234,6.7853193,"Adres",NA
4459,9626,"Schildwolde","","Slochteren","Groningen",598,53.2317414,6.815061,"Adres",NA
4460,9627,"Hellum","","Slochteren","Groningen",598,53.238146,6.8380764,"Adres",NA
4461,9628,"Siddeburen","","Slochteren","Groningen",598,53.2475764,6.8643285,"Adres",NA
4462,9629,"Steendam","","Slochteren","Groningen",598,53.2748765,6.8423697,"Adres",NA
4463,9631,"Borgercompagnie","","Menterwolde","Groningen",598,53.1199229,6.8177796,"Adres",NA
4464,9632,"Borgercompagnie","","Menterwolde","Groningen",598,53.1342843,6.8055932,"Adres",NA
4465,9633,"Tripscompagnie","","Menterwolde","Groningen",598,53.138056,6.825,"Adres",NA
4466,9635,"Noordbroek","","Menterwolde","Groningen",598,53.1982756,6.8729858,"Adres + Postbus",NA
4467,9636,"Zuidbroek","","Menterwolde","Groningen",598,53.1704058,6.8621731,"Adres + Postbus",NA
4468,9640,"Veendam","","Veendam","Groningen",598,53.1015179,6.8914903,"Postbus",NA
4469,9641,"Veendam","","Veendam","Groningen",598,53.0971148,6.8879247,"Adres",NA
4470,9642,"Veendam","","Veendam","Groningen",598,53.0991242,6.8531929,"Adres",NA
4471,9644,"Veendam","","Veendam","Groningen",598,53.0922294,6.925472,"Adres",NA
4472,9645,"Veendam","","Veendam","Groningen",598,53.1192246,6.879382,"Adres",NA
4473,9646,"Veendam","","Veendam","Groningen",598,53.1151034,6.8571941,"Adres",NA
4474,9648,"Wildervank","","Veendam","Groningen",598,53.073946,6.8586112,"Adres",NA
4475,9649,"Muntendam","","Menterwolde","Groningen",598,53.1350842,6.8689358,"Adres + Postbus",NA
4476,9651,"Meeden","","Menterwolde","Groningen",598,53.1387725,6.9284995,"Adres",NA
4477,9654,"Annerveenschekanaal","ANNERVEENSCHE KAN","Aa en Hunze","Drenthe",598,53.0773086,6.8025962,"Adres",NA
4478,9655,"Oud-Annerveen","OUD ANNERVEEN","Aa en Hunze","Drenthe",598,53.088611,6.760556,"Adres",NA
4479,9656,"Spijkerboor","","Aa en Hunze","Drenthe",598,53.076993,6.7645658,"Adres",NA
4480,9657,"Nieuw-Annerveen","NIEUW ANNERVEEN","Aa en Hunze","Drenthe",598,53.0660183,6.7759541,"Adres",NA
4481,9658,"Eexterveen","","Aa en Hunze","Drenthe",598,53.0523249,6.8040642,"Adres",NA
4482,9659,"Eexterveensche kanaal","EEXTERVEENSCHE KAN","Aa en Hunze","Drenthe",598,53.0592081,6.831961,"Adres",NA
4483,9661,"Alteveer","Alteveer Gr","Stadskanaal","Groningen",599,53.0496737,7.0063318,"Adres",NA
4484,9662,"Alteveer","Alteveer Gr","Stadskanaal","Groningen",599,53.0523346,6.9840931,"Onbekend",NA
4485,9663,"Nieuwe Pekela","","Pekela","Groningen",597,53.0646944,6.9462204,"Adres + Postbus",NA
4486,9665,"Oude Pekela","","Pekela","Groningen",597,53.1032425,7.0064744,"Adres + Postbus",NA
4487,9670,"Winschoten","","Oldambt","Groningen",597,53.1439677,7.0389833,"Postbus",NA
4488,9671,"Winschoten","","Oldambt","Groningen",597,53.142622,7.0337011,"Adres",NA
4489,9672,"Winschoten","","Oldambt","Groningen",597,53.1438374,7.0587913,"Adres",NA
4490,9673,"Winschoten","","Oldambt","Groningen",597,53.1266449,7.0295953,"Adres",NA
4491,9674,"Winschoten","","Oldambt","Groningen",597,53.1250118,7.0114962,"Adres",NA
4492,9675,"Winschoten","","Oldambt","Groningen",597,53.1532753,7.0364405,"Adres",NA
4493,9677,"Heiligerlee","","Oldambt","Groningen",597,53.1549624,7.0118901,"Adres + Postbus",NA
4494,9678,"Westerlee","","Oldambt","Groningen",597,53.1543038,6.9954192,"Adres",NA
4495,9679,"Scheemda","","Oldambt","Groningen",597,53.1763506,6.9723944,"Adres + Postbus",NA
4496,9681,"Midwolda","","Oldambt","Groningen",597,53.201251,7.0027091,"Adres",NA
4497,9682,"Oostwold","","Oldambt","Groningen",597,53.2028627,7.0448525,"Adres",NA
4498,9684,"Finsterwolde","","Oldambt","Groningen",597,53.1979816,7.0854038,"Adres",NA
4499,9685,"Blauwestad","","Oldambt","Groningen",75,53.166944,7.035556,"Adres",NA
4500,9686,"Beerta","","Oldambt","Groningen",597,53.1744661,7.0971058,"Adres + Postbus",NA
4501,9687,"Nieuw-Beerta","NIEUW BEERTA","Oldambt","Groningen",597,53.1892256,7.1625112,"Adres",NA
4502,9688,"Drieborg","","Oldambt","Groningen",597,53.2060039,7.1813281,"Adres",NA
4503,9691,"Oudezijl","OUDEZYL","Oldambt","Groningen",597,53.1858798,7.1921148,"Adres",NA
4504,9693,"Bad Nieuweschans","","Oldambt","Groningen",597,53.183333,7.2,"Adres",NA
4505,9695,"Bellingwolde","","Bellingwedde","Groningen",597,53.110946,7.1786335,"Adres",NA
4506,9696,"Oudeschans","","Bellingwedde","Groningen",597,53.1384698,7.1407322,"Adres",NA
4507,9697,"Blijham","BLYHAM","Bellingwedde","Groningen",597,53.1069246,7.0749521,"Adres",NA
4508,9698,"Wedde","","Bellingwedde","Groningen",597,53.0697175,7.0748337,"Adres",NA
4509,9699,"Vriescheloo","","Bellingwedde","Groningen",597,53.0707014,7.1148494,"Adres",NA
4510,9700,"Groningen","","Groningen","Groningen",50,53.214906,6.5597797,"Postbus",NA
4511,9701,"Groningen","","Groningen","Groningen",50,53.214906,6.5597797,"Postbus",NA
4512,9702,"Groningen","","Groningen","Groningen",50,53.214906,6.5597797,"Postbus",NA
4513,9703,"Groningen","","Groningen","Groningen",50,53.214906,6.5597797,"Postbus",NA
4514,9704,"Groningen","","Groningen","Groningen",50,53.214906,6.5597797,"Postbus",NA
4515,9711,"Groningen","","Groningen","Groningen",50,53.2164582,6.5703884,"Adres",NA
4516,9712,"Groningen","","Groningen","Groningen",50,53.2223721,6.5612515,"Adres",NA
4517,9713,"Groningen","","Groningen","Groningen",50,53.2226516,6.5806755,"Adres",NA
4518,9714,"Groningen","","Groningen","Groningen",50,53.2305211,6.5728869,"Adres",NA
4519,9715,"Groningen","","Groningen","Groningen",50,53.2328593,6.5672877,"Adres",NA
4520,9716,"Groningen","","Groningen","Groningen",50,53.2385827,6.5616202,"Adres",NA
4521,9717,"Groningen","","Groningen","Groningen",50,53.2229463,6.5508335,"Adres",NA
4522,9718,"Groningen","","Groningen","Groningen",50,53.2176072,6.5495551,"Adres",NA
4523,9721,"Groningen","","Groningen","Groningen",50,53.1959621,6.574259,"Adres",NA
4524,9722,"Groningen","","Groningen","Groningen",50,53.1951938,6.588142,"Adres",NA
4525,9723,"Groningen","","Groningen","Groningen",50,53.2121374,6.623908,"Adres",NA
4526,9724,"Groningen","","Groningen","Groningen",50,53.2105441,6.579523,"Adres",NA
4527,9725,"Groningen","","Groningen","Groningen",50,53.2084509,6.5684656,"Adres",NA
4528,9726,"Groningen","","Groningen","Groningen",50,53.2120773,6.5517483,"Adres",NA
4529,9727,"Groningen","","Groningen","Groningen",50,53.2032129,6.5408369,"Adres",NA
4530,9728,"Groningen","","Groningen","Groningen",50,53.191774,6.5521605,"Adres",NA
4531,9731,"Groningen","","Groningen","Groningen",50,53.2325598,6.5971467,"Adres",NA
4532,9732,"Groningen","","Groningen","Groningen",50,53.2330261,6.6131116,"Adres",NA
4533,9733,"Groningen","","Groningen","Groningen",50,53.238172,6.61788,"Adres",NA
4534,9734,"Groningen","","Groningen","Groningen",50,53.2413049,6.6345007,"Adres",NA
4535,9735,"Groningen","","Groningen","Groningen",50,53.2389449,6.6039718,"Adres",NA
4536,9736,"Groningen","","Groningen","Groningen",50,53.2485794,6.6010121,"Adres",NA
4537,9737,"Groningen","","Groningen","Groningen",50,53.2493503,6.5871023,"Adres",NA
4538,9738,"Groningen","","Groningen","Groningen",50,53.2512697,6.5523379,"Adres",NA
4539,9741,"Groningen","","Groningen","Groningen",50,53.2338168,6.5499177,"Adres",NA
4540,9742,"Groningen","","Groningen","Groningen",50,53.2288591,6.5416935,"Adres",NA
4541,9743,"Groningen","","Groningen","Groningen",50,53.2199917,6.530781,"Adres",NA
4542,9744,"Groningen","","Groningen","Groningen",50,53.2058736,6.4922742,"Adres",NA
4543,9745,"Groningen","","Groningen","Groningen",50,53.2190324,6.4989118,"Adres",NA
4544,9746,"Groningen","","Groningen","Groningen",50,53.2403943,6.5039887,"Adres",NA
4545,9747,"Groningen","","Groningen","Groningen",50,53.241352,6.5358827,"Adres",NA
4546,9749,"Matsloot","","Noordenveld","Drenthe",50,53.2,6.466667,"Adres",NA
4547,9750,"Haren","Haren Gn;Haren Gr","Haren","Groningen",50,53.172671,6.593415,"Postbus",NA
4548,9751,"Haren","Haren Gn;Haren Gr","Haren","Groningen",50,53.1780306,6.605106,"Adres",NA
4549,9752,"Haren","Haren Gn;Haren Gr","Haren","Groningen",50,53.1709902,6.5858321,"Adres",NA
4550,9753,"Haren","Haren Gn;Haren Gr","Haren","Groningen",50,53.179346,6.6300449,"Adres",NA
4551,9755,"Onnen","","Haren","Groningen",50,53.1547795,6.6434991,"Adres",NA
4552,9756,"Glimmen","","Haren","Groningen",50,53.1407193,6.62846,"Adres",NA
4553,9761,"Eelde","","Tynaarlo","Drenthe",50,53.1331083,6.564273,"Adres",NA
4554,9765,"Paterswolde","","Tynaarlo","Drenthe",50,53.1468755,6.5635713,"Adres + Postbus",NA
4555,9766,"Eelderwolde","","Tynaarlo","Drenthe",50,53.1787103,6.5425821,"Adres",NA
4556,9771,"Sauwerd","","Winsum","Groningen",50,53.294304,6.5328391,"Adres",NA
4557,9773,"Wetsinge","","Winsum","Groningen",50,53.300556,6.530556,"Adres",NA
4558,9774,"Adorp","","Winsum","Groningen",50,53.2746405,6.5339811,"Adres",NA
4559,9780,"Bedum","","Bedum","Groningen",50,53.3008708,6.6008939,"Postbus",NA
4560,9781,"Bedum","","Bedum","Groningen",50,53.3016754,6.5998288,"Adres",NA
4561,9784,"Noordwolde","","Bedum","Groningen",50,53.2723056,6.588888,"Adres",NA
4562,9785,"Zuidwolde","","Bedum","Groningen",50,53.2606799,6.5923127,"Adres",NA
4563,9790,"Glas","","Glas","Groningen",50,52.9676555,6.965779,"Postbus",NA
4564,9791,"Glas","","Glas","Groningen",50,52.9676555,6.965779,"Adres",NA
4565,9792,"Ten Post","","Glas","Groningen",50,53.2967087,6.7293486,"Adres",NA
4566,9793,"Winneweer","","Glas","Groningen",50,53.3105523,6.744934,"Adres",NA
4567,9794,"Lellens","","Glas","Groningen",50,53.3010629,6.7086477,"Adres",NA
4568,9795,"Woltersum","","Glas","Groningen",50,53.2708216,6.7315116,"Adres",NA
4569,9796,"Sint Annen","ST ANNEN","Glas","Groningen",50,53.2974996,6.6650544,"Adres",NA
4570,9797,"Thesinge","","Glas","Groningen",50,53.2681438,6.6512343,"Adres",NA
4571,9798,"Garmerwolde","","Glas","Groningen",50,53.2486932,6.6482078,"Adres",NA
4572,9800,"Zuidhorn","","Zuidhorn","Groningen",594,53.2488754,6.4067984,"Postbus",NA
4573,9801,"Zuidhorn","","Zuidhorn","Groningen",594,53.2431482,6.4081044,"Adres",NA
4574,9804,"Noordhorn","","Zuidhorn","Groningen",594,53.2608598,6.3953353,"Adres",NA
4575,9805,"Briltil","","Zuidhorn","Groningen",594,53.242432,6.3885837,"Adres",NA
4576,9811,"Enumatil","","Leek","Groningen",594,53.2153515,6.4172697,"Adres",NA
4577,9812,"Enumatil","","Leek","Groningen",594,53.2162222,6.4073857,"Adres",NA
4578,9821,"Oldekerk","","Grootegast","Groningen",594,53.2192619,6.3393857,"Adres",NA
4579,9822,"Niekerk","Niekerk De Marne","De Marne","Groningen",595,53.2256442,6.3537394,"Adres + Postbus",NA
4580,9824,"Noordwijk","NOORDWYK","Marum","Groningen",594,53.1702202,6.2572103,"Adres",NA
4581,9825,"Lucaswolde","","Marum","Groningen",594,53.1836312,6.3002186,"Adres",NA
4582,9827,"Lettelbert","","Leek","Groningen",594,53.189028,6.4056003,"Adres",NA
4583,9828,"Oostwold","","Oldambt","Groningen",597,53.2019143,6.4399362,"Adres",NA
4584,9831,"Aduard","","Zuidhorn","Groningen",50,53.2567715,6.4596001,"Adres",NA
4585,9832,"Den Horn","","Zuidhorn","Groningen",50,53.2271094,6.4463151,"Adres",NA
4586,9833,"Den Ham","","Zuidhorn","Groningen",50,53.2740021,6.4274379,"Adres",NA
4587,9841,"Niezijl","NIEZYL","Zuidhorn","Groningen",594,53.2667159,6.3468783,"Adres",NA
4588,9842,"Niezijl","NIEZYL","Zuidhorn","Groningen",594,53.264168,6.339157,"Adres",NA
4589,9843,"Grijpskerk","GRYPSKERK","Zuidhorn","Groningen",594,53.2636135,6.306376,"Adres + Postbus",NA
4590,9844,"Pieterzijl","PIETERZYL","Zuidhorn","Groningen",594,53.280892,6.2693964,"Adres",NA
4591,9845,"Visvliet","","Zuidhorn","Groningen",594,53.2663232,6.2507037,"Adres",NA
4592,9851,"Burum","","Kollumerland en Nieuwkruisland","Friesland",594,53.2733128,6.2299369,"Adres",NA
4593,9852,"Warfstermolen","","Kollumerland en Nieuwkruisland","Friesland",594,53.2955171,6.2329561,"Adres",NA
4594,9853,"Munnekezijl","MUNNEKEZYL","Kollumerland en Nieuwkruisland","Friesland",594,53.3039412,6.2715022,"Adres",NA
4595,9860,"Grootegast","","Grootegast","Groningen",594,53.2138154,6.278294,"Postbus",NA
4596,9861,"Grootegast","","Grootegast","Groningen",594,53.2111322,6.2745889,"Adres",NA
4597,9862,"Sebaldeburen","","Grootegast","Groningen",594,53.2206552,6.3094299,"Adres",NA
4598,9863,"Doezum","","Grootegast","Groningen",594,53.1999099,6.2485292,"Adres",NA
4599,9864,"Kornhorn","","Grootegast","Groningen",594,53.1811895,6.2425921,"Adres",NA
4600,9865,"Opende","","Grootegast","Groningen",594,53.1743619,6.1983669,"Adres",NA
4601,9866,"Lutjegast","","Grootegast","Groningen",594,53.234684,6.2574597,"Adres",NA
4602,9871,"Stroobos","","Achtkarspelen","Friesland",512,53.2387472,6.2185404,"Adres",NA
4603,9872,"Stroobos","","Achtkarspelen","Friesland",512,53.2320746,6.2039053,"Adres",NA
4604,9873,"Gerkesklooster","","Achtkarspelen","Friesland",512,53.2411194,6.2074842,"Adres",NA
4605,9881,"Kommerzijl","KOMMERZYL","Zuidhorn","Groningen",594,53.2968455,6.309849,"Adres",NA
4606,9882,"Kommerzijl","KOMMERZYL","Zuidhorn","Groningen",594,53.2957405,6.3306687,"Adres",NA
4607,9883,"Oldehove","","Zuidhorn","Groningen",594,53.3037688,6.3962634,"Adres",NA
4608,9884,"Niehove","","Zuidhorn","Groningen",594,53.2899865,6.3666981,"Adres",NA
4609,9885,"Lauwerzijl","LAUWERZYL","Zuidhorn","Groningen",594,53.3112927,6.2968599,"Adres",NA
4610,9886,"Saaksum","","Zuidhorn","Groningen",594,53.3135125,6.4181432,"Adres",NA
4611,9891,"Ezinge","","Winsum","Groningen",594,53.3109973,6.4398085,"Adres",NA
4612,9892,"Feerwerd","","Winsum","Groningen",594,53.306512,6.4660335,"Adres",NA
4613,9893,"Garnwerd","","Winsum","Groningen",594,53.3041279,6.4927435,"Adres",NA
4614,9900,"Appingedam","","Appingedam","Groningen",596,53.3204059,6.8574009,"Postbus",NA
4615,9901,"Appingedam","","Appingedam","Groningen",596,53.329242,6.8507419,"Adres",NA
4616,9902,"Appingedam","","Appingedam","Groningen",596,53.3070697,6.8593699,"Adres",NA
4617,9903,"Appingedam","","Appingedam","Groningen",596,53.3086782,6.8314034,"Adres",NA
4618,9904,"Krewerd","","Delfzijl","Groningen",596,53.3546854,6.8483261,"Adres",NA
4619,9905,"Holwierde","","Delfzijl","Groningen",596,53.3582111,6.8715636,"Adres",NA
4620,9906,"Bierum","","Delfzijl","Groningen",596,53.3812415,6.8600041,"Adres",NA
4621,9907,"Losdorp","","Delfzijl","Groningen",596,53.3753644,6.8355789,"Adres",NA
4622,9908,"Godlinze","","Delfzijl","Groningen",596,53.372001,6.8132272,"Adres",NA
4623,9909,"Spijk","Spijk (Delfzijl);Spijk Gr;Spijk Gn","Delfzijl","Groningen",596,53.3902595,6.8374185,"Adres",NA
4624,9911,"Oosterwijtwerd","OOSTERWYTWERD","Loppersum","Groningen",596,53.3375213,6.8146678,"Adres",NA
4625,9912,"Leermens","","Loppersum","Groningen",596,53.3460884,6.7976523,"Adres",NA
4626,9913,"Eenum","","Loppersum","Groningen",596,53.3394215,6.7798369,"Adres",NA
4627,9914,"Zeerijp","","Loppersum","Groningen",596,53.3479644,6.7621522,"Adres",NA
4628,9915,"'t Zandt","T ZANDT","Loppersum","Groningen",596,53.3661197,6.7744058,"Adres",NA
4629,9917,"Wirdum","","Loppersum","Groningen",596,53.3232731,6.7860239,"Adres",NA
4630,9918,"Garrelsweer","","Loppersum","Groningen",596,53.3110984,6.7695588,"Adres",NA
4631,9919,"Loppersum","","Loppersum","Groningen",596,53.3321749,6.7479874,"Adres + Postbus",NA
4632,9921,"Stedum","","Loppersum","Groningen",596,53.3223306,6.6932859,"Adres",NA
4633,9922,"Westeremden","","Loppersum","Groningen",596,53.3433579,6.7114019,"Adres",NA
4634,9923,"Garsthuizen","","Loppersum","Groningen",595,53.3685301,6.7128526,"Adres",NA
4635,9924,"Startenhuizen","","Eemsmond","Groningen",595,53.3678436,6.7099167,"Adres",NA
4636,9925,"Startenhuizen","","Eemsmond","Groningen",595,53.3739838,6.7075464,"Adres",NA
4637,9930,"Delfzijl","DELFZYL","Delfzijl","Groningen",596,53.3321461,6.9235065,"Postbus",NA
4638,9931,"Delfzijl","DELFZYL","Delfzijl","Groningen",596,53.340376,6.8926033,"Adres",NA
4639,9932,"Delfzijl","DELFZYL","Delfzijl","Groningen",596,53.3186031,6.8942114,"Adres",NA
4640,9933,"Delfzijl","DELFZYL","Delfzijl","Groningen",596,53.3391576,6.9136159,"Adres",NA
4641,9934,"Delfzijl","DELFZYL","Delfzijl","Groningen",596,53.328067,6.9179145,"Adres",NA
4642,9936,"Farmsum","","Delfzijl","Groningen",596,53.3230048,6.92796,"Adres",NA
4643,9937,"Meedhuizen","","Delfzijl","Groningen",596,53.287555,6.9113476,"Adres",NA
4644,9939,"Tjuchem","","Slochteren","Groningen",596,53.2797996,6.8784014,"Adres",NA
4645,9942,"'t Waar","T WAAR","Oldambt","Groningen",598,53.2238038,6.9411429,"Adres",NA
4646,9943,"Nieuw-Scheemda","NIEUW SCHEEMDA","Oldambt","Groningen",598,53.209444,6.942778,"Adres",NA
4647,9944,"Nieuwolda","","Oldambt","Groningen",596,53.2448575,6.9745486,"Adres",NA
4648,9945,"Wagenborgen","","Delfzijl","Groningen",596,53.256161,6.9305903,"Adres",NA
4649,9946,"Woldendorp","","Delfzijl","Groningen",596,53.273195,7.0297912,"Adres",NA
4650,9947,"Termunten","","Delfzijl","Groningen",596,53.2969035,7.0461427,"Adres",NA
4651,9948,"Termunterzijl","TERMUNTERZYL","Delfzijl","Groningen",596,53.3,7.033333,"Adres",NA
4652,9949,"Borgsweer","","Delfzijl","Groningen",596,53.297626,7.0137074,"Adres",NA
4653,9950,"Winsum","","Winsum","Groningen",595,53.3277361,6.5157482,"Postbus",NA
4654,9951,"Winsum","","Winsum","Groningen",595,53.329602,6.5251767,"Adres",NA
4655,9953,"Baflo","","Winsum","Groningen",595,53.3626014,6.514347,"Adres",NA
4656,9954,"Tinallinge","","Winsum","Groningen",595,53.3572921,6.535116,"Adres",NA
4657,9955,"Rasquert","","Winsum","Groningen",595,53.3683436,6.5172017,"Adres",NA
4658,9956,"Den Andel","","Winsum","Groningen",595,53.3929082,6.5088277,"Adres",NA
4659,9957,"Saaxumhuizen","","Winsum","Groningen",595,53.3803878,6.4828482,"Adres",NA
4660,9959,"Onderdendam","","Bedum","Groningen",50,53.334958,6.5888657,"Adres",NA
4661,9961,"Mensingeweer","","De Marne","Groningen",595,53.3516434,6.4648158,"Adres",NA
4662,9962,"Schouwerzijl","SCHOUWERZYL","De Marne","Groningen",595,53.3320492,6.4502452,"Adres",NA
4663,9963,"Warfhuizen","","De Marne","Groningen",595,53.3424905,6.4255934,"Adres",NA
4664,9964,"Wehe-Den Hoorn","WEHE DEN HOORN","De Marne","Groningen",595,53.3606579,6.4174547,"Adres",NA
4665,9965,"Leens","","De Marne","Groningen",595,53.3592831,6.3788203,"Adres + Postbus",NA
4666,9966,"Zuurdijk","ZUURDYK","De Marne","Groningen",595,53.3376067,6.3770336,"Adres",NA
4667,9967,"Eenrum","","De Marne","Groningen",595,53.3646973,6.4610716,"Adres",NA
4668,9968,"Pieterburen","","De Marne","Groningen",595,53.4007222,6.4538674,"Adres",NA
4669,9969,"Westernieland","","De Marne","Groningen",595,53.4012414,6.483094,"Adres",NA
4670,9970,"Ulrum","","De Marne","Groningen",595,53.3598514,6.3285821,"Postbus",NA
4671,9971,"Ulrum","","De Marne","Groningen",595,53.3590648,6.3335726,"Adres",NA
4672,9972,"Niekerk","Niekerk De Marne","De Marne","Groningen",595,53.341901,6.3291415,"Adres",NA
4673,9973,"Houwerzijl","HOUWERZYL","De Marne","Groningen",595,53.3358028,6.3412882,"Adres",NA
4674,9974,"Zoutkamp","","De Marne","Groningen",595,53.3380226,6.3031143,"Adres + Postbus",NA
4675,9975,"Vierhuizen","","De Marne","Groningen",595,53.3602891,6.2912261,"Adres",NA
4676,9976,"Lauwersoog","","De Marne","Groningen",519,53.4053662,6.2120483,"Adres",NA
4677,9977,"Kloosterburen","","De Marne","Groningen",595,53.3873598,6.3912951,"Adres",NA
4678,9978,"Hornhuizen","","De Marne","Groningen",595,53.3883106,6.3597681,"Adres",NA
4679,9979,"Eemshaven","","Eemsmond","Groningen",596,53.4475,6.801389,"Adres",NA
4680,9980,"Uithuizen","","Eemsmond","Groningen",595,53.4084022,6.673905,"Postbus",NA
4681,9981,"Uithuizen","","Eemsmond","Groningen",595,53.406165,6.6628402,"Adres",NA
4682,9982,"Uithuizermeeden","","Eemsmond","Groningen",595,53.4143783,6.7255617,"Adres",NA
4683,9983,"Roodeschool","","Eemsmond","Groningen",595,53.4202348,6.7641787,"Adres + Postbus",NA
4684,9984,"Oudeschip","","Eemsmond","Groningen",596,53.430506,6.8233997,"Adres",NA
4685,9985,"Oosternieland","","Eemsmond","Groningen",595,53.4012414,6.7552403,"Adres",NA
4686,9986,"Oldenzijl","OLDENZYL","Eemsmond","Groningen",595,53.3937428,6.7163208,"Adres",NA
4687,9987,"Zijldijk","","Loppersum","Groningen",596,53.3939695,6.7570084,"Adres",NA
4688,9988,"Usquert","","Eemsmond","Groningen",595,53.4034398,6.6120412,"Adres",NA
4689,9989,"Warffum","","Eemsmond","Groningen",595,53.393408,6.5592591,"Adres + Postbus",NA
4690,9990,"Middelstum","","Loppersum","Groningen",595,53.3354802,6.6692011,"Postbus",NA
4691,9991,"Middelstum","","Loppersum","Groningen",595,53.3470805,6.6416276,"Adres",NA
4692,9992,"Huizinge","","Loppersum","Groningen",595,53.3452057,6.6736326,"Adres",NA
4693,9993,"Westerwijtwerd","WESTERWYTWERD","Loppersum","Groningen",595,53.3339842,6.6445489,"Adres",NA
4694,9994,"Toornwerd","","Loppersum","Groningen",595,53.3538973,6.6359236,"Adres",NA
4695,9995,"Kantens","","Eemsmond","Groningen",595,53.3654395,6.6337947,"Adres",NA
4696,9996,"Eppenhuizen","","Eemsmond","Groningen",595,53.3812944,6.6968944,"Adres",NA
4697,9997,"Zandeweer","","Eemsmond","Groningen",595,53.3875127,6.6811208,"Adres",NA
4698,9998,"Rottum","","Eemsmond","Groningen",595,53.3829417,6.6200842,"Adres",NA
4699,9999,"Stitswerd","","Eemsmond","Groningen",595,53.3608768,6.5992932,"Adres",NA
4700,7928,"Stuifzand","","Midden-Drenthe","Drenthe",NA,52.77472,6.49981,"",NA
4701,9613,"Meerstad","","Groningen","Groningen",NA,53.22564,6.6586,"",NA
4702,7910,"Nieuweroord","","Midden-Drenthe","Drenthe",NA,52.74963,6.58211,"",NA
NA,NA,"Stuifzand",NA,"Midden-Drenthe","Drenthe",NA,52.77472,6.49981,NA,"7928"
NA,NA,"Meerstad",NA,"Groningen","Groningen",NA,53.22564,6.6586,NA,"9613"
NA,NA,"Nieuweroord",NA,"Midden-Drenthe","Drenthe",NA,52.74963,6.58211,NA,"7910"
